"","Month","Year","State","MinTemp","MaxTemp","Rainfall","WindGustSpeed","Humidity9am","Humidity3pm","Pressure9am","Pressure3pm","Temp9am","Temp3pm"
"1",1,2008,"ACT",15.3,29.1,1.41,43.1,65.9,39.5,1014.1,1011.3,19.7,27.3
"2",1,2009,"ACT",14,31,1.68,48.9,57.9,26.5,1014.3,1011,20.1,29.3
"3",1,2009,"ACT ",14.1,31.3,1.9,42.1,57.1,29.1,1013.7,1010.4,20.3,29.5
"4",1,2009,"ISLAND",19.2,23.9,2.09,42.8,75.8,72.6,1015.4,1014.4,21.9,22.6
"5",1,2009,"NSW",18.8,31.3,1.02,47.8,57.5,41.3,1014.3,1011.6,23.8,29.5
"6",1,2009,"NT",23.9,34.1,6.87,47.8,58.5,47.3,1008,1004.7,29,32.4
"7",1,2009,"QLD",22.9,30.2,13.66,39,71.8,66.8,1011.8,1009.5,27.1,28.4
"8",1,2009,"SA",15.7,32,0.06,45.1,41.7,22,1013.8,1011.9,22.4,30.4
"9",1,2009,"TAS",12.2,24.5,0.28,49.5,58.9,43.2,1010.3,1009,16.9,22.1
"10",1,2009,"VIC",14.2,29.9,0.24,45.4,56.5,33.6,1013.8,1011.9,20.4,28
"11",1,2009,"WA",16.7,30,0.17,42.9,61.8,43.5,1013.9,1011.7,21.4,28.4
"12",1,2010,"ACT ",16,31.6,0.21,43.8,56.8,29.9,1012.8,1009.6,21.2,29.9
"13",1,2010,"ISLAND",19.2,25.4,0.42,38,66.5,63.1,1014.8,1013.6,22.8,23.7
"14",1,2010,"NSW",19.5,31,1.08,43.5,61,45.5,1013.3,1010.8,24.1,29.4
"15",1,2010,"NT",23.1,33.4,12.38,47.8,59.9,49,1008.1,1005,28.1,32.2
"16",1,2010,"QLD",23.2,30.9,10.92,38.8,70.2,65.7,1011.1,1008.5,27.7,29
"17",1,2010,"SA",15.9,31.1,0.3,43.6,45.2,27.4,1014.1,1012.2,22.3,29.2
"18",1,2010,"TAS",12.8,25,0.37,45.3,58.8,43.3,1011.6,1009.8,17.4,22.7
"19",1,2010,"VIC",14.4,28.4,0.91,44.4,63.1,41.1,1013.6,1011.9,19.7,26.4
"20",1,2010,"WA",16.6,31.1,0.1,45.4,49.1,39,1013.7,1011.4,23.5,28.9
"21",1,2011,"ACT",15.2,28.6,1.86,38.9,73.8,48.7,1012.3,1009.8,20,27.1
"22",1,2011,"ACT ",16,28.7,2.28,33.1,71.4,47,1012.2,1009.5,20.3,27.3
"23",1,2011,"ISLAND",20.6,25,1.9,52.7,80,77.2,1011,1009.8,22.8,23.6
"24",1,2011,"NSW",19.8,29.9,2.06,42.1,67.8,53,1011.8,1009.8,23.9,28.3
"25",1,2011,"NT",23.2,34.2,11.18,49.3,61.9,51.2,1006.1,1003,28.9,32.5
"26",1,2011,"QLD",22.8,30.2,8.66,37.4,70.3,68.1,1008.9,1006.6,27.4,28.4
"27",1,2011,"SA",16.9,31.1,1.16,41,54.1,34.9,1011.1,1009.3,22.1,29.5
"28",1,2011,"TAS",13.4,23.6,1.64,42.4,65.5,52.4,1011.8,1010.7,17.5,21.6
"29",1,2011,"VIC",15.6,27,3.37,39.9,72.9,52.5,1012,1010.6,19.6,25.3
"30",1,2011,"WA",17.1,30.7,1.26,43.5,51.8,42.8,1010.3,1008.2,24,28.2
"31",1,2012,"ACT",12.5,27.2,1.56,43.4,65.7,40.2,1014.5,1011.9,18.5,25.6
"32",1,2012,"ACT ",13,26.8,1.8,36.2,65.7,43.8,1015.2,1012.3,18.3,25
"33",1,2012,"ISLAND",19.2,23.8,1.32,41.9,71.4,70.7,1014.5,1013.4,21.8,22.5
"34",1,2012,"NSW",18.5,28.4,4.46,42.7,64.8,52.1,1014.2,1012,22.5,26.7
"35",1,2012,"NT",23.2,35,7.85,49.9,54,42.7,1008,1004.6,29.2,33.2
"36",1,2012,"QLD",22.5,29.9,11.1,37.8,70.5,66.8,1011.2,1008.6,27,28.2
"37",1,2012,"SA",16.9,30.7,0.65,49.5,50.2,29.8,1013.8,1011.8,22.1,29
"38",1,2012,"TAS",13.3,24.7,1.28,44.5,62.4,46.7,1013.2,1011.4,17.9,22.8
"39",1,2012,"VIC",15.4,27.9,1.43,45.8,64.7,43.1,1014.6,1012.8,20.2,26.1
"40",1,2012,"WA",18.2,31.5,0.38,46.6,51.9,39.5,1013,1010.3,24.4,29.6
"41",1,2013,"ACT",13.2,31.7,2.56,48.1,60.1,28.3,1011.4,1008.3,19.8,29.3
"42",1,2013,"ACT ",14.8,32,2.84,42.5,61.6,29.6,1011.7,1008.4,20.3,30.3
"43",1,2013,"ISLAND",19.2,24.6,0.45,41.7,71,66.3,1014.7,1013.6,22.4,23.4
"44",1,2013,"NSW",19.8,31.2,5.37,45.7,61.9,47.5,1011.7,1009.4,24.2,29.2
"45",1,2013,"NT",23.9,36.3,3.81,48.2,49.7,41.6,1007.5,1004.4,30.4,34.5
"46",1,2013,"QLD",23.5,31.4,9.38,41.6,68,63.7,1009.5,1007,28,29.4
"47",1,2013,"SA",15.2,31.2,0.25,45.8,45.7,25.6,1013.4,1011.5,21.5,29.3
"48",1,2013,"TAS",12.6,24.5,0.44,46.4,61.1,42.5,1010.2,1008.6,17.1,22.4
"49",1,2013,"VIC",14.3,28.8,1.68,44.7,60.5,39.3,1012.8,1011,19.9,26.6
"50",1,2013,"WA",17.1,30.4,0.39,45.1,52.4,42.8,1014.9,1012.8,23.8,28
"51",1,2014,"ACT",12.3,31.4,0.17,46.1,53.3,25.8,1014.9,1011.4,20,29.5
"52",1,2014,"ACT ",13,30.6,0.46,40.5,53.9,27,1014.7,1011.2,19.4,28.9
"53",1,2014,"ISLAND",19.4,24.6,1.52,42.5,68.6,65.2,1015,1013.8,22.2,23.2
"54",1,2014,"NSW",18.9,30.4,0.79,42.8,58,43,1015.4,1012.8,23.6,28.7
"55",1,2014,"NT",23.5,35,7.76,48.2,57.4,47.3,1007.7,1004.4,28.8,33.2
"56",1,2014,"QLD",23.2,31.1,3.57,42.2,64.6,60.2,1011.9,1009.5,27.8,29
"57",1,2014,"SA",16.9,32.6,0.42,47.3,44.4,27.5,1014.5,1012.4,23.2,30.9
"58",1,2014,"TAS",12.3,24.6,0.52,46.5,59.2,45,1013.5,1011.5,17.1,22.7
"59",1,2014,"VIC",15.2,29.7,0.48,45.3,59.7,37.6,1015.4,1013.3,20.5,27.7
"60",1,2014,"WA",16.4,30.6,0.12,43.6,50.9,40.2,1013.7,1011.5,23.9,28.4
"61",1,2015,"ACT",13.9,27.4,3.13,44.4,68.6,47,1012.1,1009.4,19.5,25.2
"62",1,2015,"ACT ",14.6,26.9,4.19,38.2,66.4,44.7,1011.6,1008.8,19.5,25.5
"63",1,2015,"ISLAND",20.2,25,6.64,46.8,76.4,73,1012.7,1011.5,23,23.6
"64",1,2015,"NSW",19.2,29.2,4.22,43.4,66.5,51,1011.6,1009.2,23.1,27.6
"65",1,2015,"NT",22.9,33.6,7.2,43.5,61.3,49.5,1007.7,1004.6,28,32
"66",1,2015,"QLD",23.6,31.4,8.32,38,70.2,67.3,1009.7,1007,28,29.1
"67",1,2015,"SA",15.8,28.6,1.66,46.7,56.6,39.2,1012.2,1010.3,20.7,26.6
"68",1,2015,"TAS",13.1,21.3,4.19,50.1,64.5,51.5,1010.5,1009.4,16.4,19.4
"69",1,2015,"VIC",15,27.6,2.12,45.5,69.2,46.6,1012.8,1010.8,19.5,25.6
"70",1,2015,"WA",16.3,31.1,0.17,43.5,50,38.2,1013.6,1011.3,23.6,29
"71",1,2016,"ACT",14,28.5,3.43,44.2,65.8,43.1,1014.5,1011.9,19.8,26.2
"72",1,2016,"ACT ",14.4,27.7,3.23,38.9,66.3,45.9,1014.5,1011.8,19.5,25.6
"73",1,2016,"ISLAND",20,25.1,4.35,36.3,77.8,74.4,1013.4,1012.3,23.1,23.8
"74",1,2016,"NSW",19.1,29.4,4.59,43.4,66.9,53.4,1014.2,1011.9,23.2,27.3
"75",1,2016,"NT",22.9,35.1,2.26,43,50.8,38.3,1012,1008.9,28.5,33.4
"76",1,2016,"QLD",22.8,31.1,4.02,35.6,66.9,62.9,1013.5,1010.5,27.8,29.3
"77",1,2016,"SA",16.8,31.1,0.78,44.6,51.4,30.1,1014.8,1012.7,22.3,29.1
"78",1,2016,"TAS",14.4,21.9,1.42,39.1,62.2,52.5,1016.5,1014.8,17.4,20.2
"79",1,2016,"VIC",15.5,28.2,3.25,43.4,68.9,46.2,1014.7,1012.6,19.9,26.1
"80",1,2016,"WA",17.8,30.2,1.17,43.6,58.4,46.7,1014,1011.8,23.6,27.8
"81",1,2017,"ACT",14.9,32.8,0.27,47.1,63.1,31.2,1012.5,1009.4,21.3,30.7
"82",1,2017,"ACT ",15.4,31.9,0.34,40.9,64.1,34.3,1012.1,1008.9,20.9,30.1
"83",1,2017,"ISLAND",19.4,25.5,1.07,36,64.6,65,1015.5,1014.3,23.4,23.6
"84",1,2017,"NSW",20.7,32.5,1.66,44.5,62.7,47.8,1012.5,1010.1,25.2,30.1
"85",1,2017,"NT",24.3,35,6.29,41.5,62.4,48,1007.5,1004.4,28.8,33.3
"86",1,2017,"QLD",23.9,31.4,7.36,35.9,71.9,67.5,1011.2,1008.6,28.2,29.6
"87",1,2017,"SA",16.9,30.5,1.51,41.7,60.3,39.2,1012.9,1011.3,21.7,28.6
"88",1,2017,"TAS",13.5,23,1.94,53.4,58.7,51.3,1009.1,1008,17.3,21.2
"89",1,2017,"VIC",15.5,28.9,1.16,40.8,64.9,43.1,1012.8,1011.3,20.2,26.8
"90",1,2017,"WA",14.9,29.3,1.07,42.3,52.2,42.8,1012.5,1010.3,22.5,27.2
"91",2,2008,"ACT",12.7,24.6,2.23,40.9,72.9,46.1,1013.5,1010.7,16.3,23.2
"92",2,2009,"ACT",14.3,28.7,0.25,44.5,65.8,34.5,1014.7,1011.7,18.8,27
"93",2,2009,"ACT ",14.8,28.9,0.14,41.5,63.9,35.6,1014.1,1010.9,18.9,27.4
"94",2,2009,"ISLAND",21.3,25.5,7.15,42.4,83,78.6,1012.6,1011.5,23.3,24.4
"95",2,2009,"NSW",18.8,29.2,4.49,43.8,65.9,49.9,1013.4,1011.2,22.4,27.7
"96",2,2009,"NT",22.8,33.7,9.02,44.8,55.9,43.8,1007.8,1004.5,28.2,32.5
"97",2,2009,"QLD",22.9,30.2,16.82,37,74.5,68.3,1009.8,1007.2,26.8,28.8
"98",2,2009,"SA",16.7,31.4,0.04,44.8,46.4,27.4,1014.4,1012.6,21.9,29.2
"99",2,2009,"TAS",12.4,23,1.73,41.5,66.5,49.4,1016.9,1015,15.9,21.4
"100",2,2009,"VIC",15.2,28.3,1.54,44,66.3,41.2,1014.8,1012.9,19.1,26.4
"101",2,2009,"WA",16.5,30,0.39,45.1,60.2,40.4,1013.1,1011.1,20.9,28.1
"102",2,2010,"ACT ",15.7,26.9,6.67,35.3,71.8,50.4,1016.2,1014.1,19.2,25.1
"103",2,2010,"ISLAND",19.9,25.8,1.1,42.8,70.4,65.2,1017.5,1016.1,23,24.2
"104",2,2010,"NSW",20,29.3,4.43,42.1,71.1,56.4,1016.3,1014.3,23.2,27.6
"105",2,2010,"NT",23.6,33.4,10.91,46.9,63.8,51.4,1009.8,1006.5,28.4,32
"106",2,2010,"QLD",23.3,30.7,11.29,37.5,72.8,67.5,1013,1010.5,27.4,29
"107",2,2010,"SA",17.1,31.2,0.82,43.5,54.5,31.5,1016.3,1014.4,22.1,29.6
"108",2,2010,"TAS",14.1,24.8,1.37,41.7,68.4,49.2,1018.8,1017.1,17.7,23.1
"109",2,2010,"VIC",16.3,28.3,2.22,44,71.1,48.3,1017.1,1015.4,20.3,26.4
"110",2,2010,"WA",17.2,30.7,0.06,42.4,56.6,42.4,1015,1012.7,23.4,28.7
"111",2,2011,"ACT",14.4,26.7,4.61,40.4,75,52.2,1015.9,1013.9,19.1,24.9
"112",2,2011,"ACT ",15.6,26.5,6.86,35.8,74.3,52.6,1015.4,1013.2,18.9,25.1
"113",2,2011,"ISLAND",20.2,25.6,0.82,37.5,75.7,72.2,1016.2,1015,23.3,24.3
"114",2,2011,"NSW",19.8,29.6,2.89,41.9,71.2,55.4,1015.8,1013.7,23,27.7
"115",2,2011,"NT",22.9,31.9,21.75,47,72.7,57.9,1007.6,1004.5,26.8,30.5
"116",2,2011,"QLD",22.9,30.4,14.54,37.2,73.1,68.8,1013.4,1010.9,27.2,28.5
"117",2,2011,"SA",16.5,28.6,2.42,39.4,62.8,42.9,1015.5,1013.9,20.4,26.9
"118",2,2011,"TAS",12.1,22,1.81,38.2,73.2,56.5,1014.6,1012.9,15.6,20.4
"119",2,2011,"VIC",15.2,26,3.42,39.4,76.7,56.6,1016.2,1014.7,18.8,24.3
"120",2,2011,"WA",18.7,31,0.33,47.8,56.1,40.8,1012.5,1009.7,23.7,29.8
"121",2,2012,"ACT",12.9,25,4.36,38,78.4,51.4,1014.3,1011.9,16.7,23.7
"122",2,2012,"ACT ",13.1,24.9,5.22,31.9,78.1,54.5,1013.8,1011.4,16.8,23.5
"123",2,2012,"ISLAND",20.4,25.2,5.79,43.5,76,72.5,1013.7,1012.3,22.9,23.8
"124",2,2012,"NSW",17.8,27.2,5.73,38.1,75.2,58.3,1013.8,1012,21.3,25.7
"125",2,2012,"NT",21.5,34,5.08,41.9,56.2,44.2,1009.2,1005.8,27.8,32.1
"126",2,2012,"QLD",22.9,30.6,7.17,36.8,70.8,66.4,1011,1008.4,27.6,28.8
"127",2,2012,"SA",15.7,28.5,0.6,43.1,58.1,35.5,1013.8,1012,20.1,26.8
"128",2,2012,"TAS",13.4,23.7,1.21,37.7,68.7,48.7,1015.2,1013.5,16.8,22.2
"129",2,2012,"VIC",14.9,26.7,2.95,41.1,74.8,49.9,1014.1,1012.5,18.7,24.8
"130",2,2012,"WA",17.3,29.6,0.64,44.6,56.8,44.7,1014.2,1011.9,22.9,27.7
"131",2,2014,"ACT",14.2,29.5,2.19,45.9,70.3,40.8,1014.3,1011.2,18.9,27.2
"132",2,2014,"ACT ",14.2,28.9,5.39,36.6,67,40.4,1014.2,1011,18.4,26.9
"133",2,2014,"ISLAND",19.4,23.8,5.94,40.2,76.9,74.8,1012.4,1011.4,21.8,22.6
"134",2,2014,"NSW",19.3,29.4,2.17,40.6,65.1,49,1014.2,1012,22.6,27.8
"135",2,2014,"NT",22.4,33.6,6.72,47.3,61.9,47.6,1008,1004.6,27.1,32
"136",2,2014,"QLD",22.7,30,7.28,38.8,68.7,65.9,1011.7,1009.2,26.9,28.1
"137",2,2014,"SA",16.4,30.3,2.22,45.7,52.9,32.4,1013.5,1011.9,21.4,28.4
"138",2,2014,"TAS",12.8,24.6,0.66,41.5,65.3,44.7,1013.3,1011.4,17.1,22.6
"139",2,2014,"VIC",14.9,29.1,1.11,42.7,65.9,40.3,1013.9,1012.3,19.4,26.8
"140",2,2014,"WA",16.9,30.9,0.13,44.5,50.6,36.8,1015.3,1012.6,23,29
"141",2,2015,"ACT",13.1,28.1,1.08,38.8,72.4,43,1018.4,1015.7,18.4,26.2
"142",2,2015,"ACT ",14.4,27.1,1.97,34,74.4,46.1,1018.2,1015.3,18.2,25.6
"143",2,2015,"ISLAND",20.6,25.1,1.61,48.2,75.5,70.5,1015.7,1014.4,22.7,23.7
"144",2,2015,"NSW",19.4,29.7,1.86,39.5,69.5,51.3,1016.7,1014.7,23,28.1
"145",2,2015,"NT",22.9,36.5,3.78,42.9,51.4,37.1,1010.7,1007,29.5,34.8
"146",2,2015,"QLD",22.6,30.8,9.96,40.9,69.4,62.8,1012.9,1010.3,27.2,29.1
"147",2,2015,"SA",16.6,32.5,0.04,43.2,51.5,25.9,1017,1014.9,21.8,30.7
"148",2,2015,"TAS",13.4,22.5,0.77,42.8,63.4,54.9,1019,1017.4,17.1,20.4
"149",2,2015,"VIC",15.5,28.9,1.36,41.5,72.7,45.1,1017.7,1015.9,19.5,27
"150",2,2015,"WA",17.4,30.8,0.78,41.5,58.7,44.7,1015.6,1013.4,23.4,28.5
"151",2,2016,"ACT",13.3,29.3,0.81,40.7,67.4,36.6,1015,1012.2,19.2,27.9
"152",2,2016,"ACT ",14.1,29,1.16,36.9,68.5,37.7,1014.5,1011.6,18.9,27.4
"153",2,2016,"ISLAND",22.2,26,9.17,47.7,83.8,82,1010.6,1009.1,24.2,24.5
"154",2,2016,"NSW",19.3,30.5,0.74,39.5,63.9,46.4,1014.4,1012.2,23.6,29.1
"155",2,2016,"NT",22.7,36.2,2.2,43,45.1,33.4,1011.7,1008,29.2,34.8
"156",2,2016,"QLD",23.6,32.1,2.7,38.5,69.5,64.2,1011.5,1008.6,28.6,30.3
"157",2,2016,"SA",15.5,29.7,0.81,41.9,60.3,33.5,1016.1,1014.3,20.1,27.9
"158",2,2016,"TAS",14.4,23.8,0.75,50.4,63.8,47.3,1013.5,1011.9,17.5,21.9
"159",2,2016,"VIC",14.9,28.1,0.69,39.8,70.4,42.9,1015.8,1014,19,26.3
"160",2,2016,"WA",16,30.1,0.37,42.5,52.6,41.3,1017,1014.8,23.1,28
"161",2,2017,"ACT",12.9,30.1,0.74,45.7,63.9,34.6,1014.9,1012.3,19.1,27.6
"162",2,2017,"ACT ",13.5,29.8,0.84,38.5,64,35.6,1014.6,1011.9,19,27.6
"163",2,2017,"ISLAND",21.1,26.5,1.71,41.1,73,72.8,1014.2,1012.7,24.2,24.5
"164",2,2017,"NSW",19.6,30.9,3.17,44.1,64.6,48,1014.6,1012.3,23.5,29.1
"165",2,2017,"NT",22.2,35.6,7.72,43,50,37.2,1010.1,1006.5,28.2,34.1
"166",2,2017,"QLD",23.6,31.7,5.95,38.8,68.2,61.4,1012.8,1010,28.1,29.9
"167",2,2017,"SA",15.5,29,1,41.1,59.7,37.8,1015.3,1013.7,20.3,27.2
"168",2,2017,"TAS",11.8,22.9,0.37,49,55.2,38.8,1012.2,1010.8,15.2,21
"169",2,2017,"VIC",14.2,27.6,1.34,42,70.6,43.5,1015.3,1013.5,18.4,25.8
"170",2,2017,"WA",16,28.2,2.84,42.4,63.6,50.2,1015.1,1012.9,21.5,26.3
"171",3,2008,"ACT",10.9,26,0.97,38.3,70.7,36,1020.3,1017.3,15.4,24.6
"172",3,2009,"ACT",11.8,26.7,0.33,42,66.5,28.9,1018,1015.1,15.6,25.2
"173",3,2009,"ACT ",11.7,26.6,0.28,36.4,65.8,32.9,1017.5,1014.5,15.6,25
"174",3,2009,"ISLAND",19.9,24.5,1.95,42.9,72.9,70,1015.9,1014.4,22.5,23.2
"175",3,2009,"NSW",16.6,27.7,1.4,39.5,66.1,46.9,1017.1,1014.8,20.4,26.3
"176",3,2009,"NT",22.2,34.2,1.87,42.9,51.7,35,1012,1008.2,27.6,33.2
"177",3,2009,"QLD",21.8,30.1,2.54,39.8,65.8,59.2,1013.6,1010.8,26.7,28.7
"178",3,2009,"SA",13.7,26.5,0.8,41,63.9,36.8,1017.4,1015.6,17.5,24.8
"179",3,2009,"TAS",11.9,21.4,1.94,40.6,73.8,53.2,1015.5,1014,14.8,19.9
"180",3,2009,"VIC",12.2,24.6,1.5,40.4,75.9,46.8,1017.2,1015.5,15.6,23
"181",3,2009,"WA",14,27.5,0.81,40.5,67.8,43.8,1017.5,1015.6,18.8,25.9
"182",3,2010,"ACT",11.6,24.7,2.61,34.3,79.3,45.6,1021.5,1019.1,15.5,23.6
"183",3,2010,"ACT ",12.2,24.7,4.34,32.2,79.4,47.8,1021.2,1018.6,15.6,23.7
"184",3,2010,"ISLAND",19.2,25,0.76,41.2,66.8,59.1,1019.3,1017.8,22.1,23.4
"185",3,2010,"NSW",17,27.3,3.72,37.9,72.4,52,1020.9,1018.5,20.4,26
"186",3,2010,"NT",21.4,31.7,3.7,38.3,63,47.2,1012.9,1009.6,26.2,30.8
"187",3,2010,"QLD",22.3,29.5,8.17,41.4,72.1,65.8,1015.9,1013.2,26.2,27.8
"188",3,2010,"SA",14.5,27.7,0.48,39.6,60.2,34.2,1020.2,1018,18.6,26.1
"189",3,2010,"TAS",12.8,23.5,1.5,39.9,73.3,48.2,1018.7,1017,15.9,22.2
"190",3,2010,"VIC",13.8,25.6,2.25,39.2,75.2,48.9,1020.5,1018.8,17.2,24
"191",3,2010,"WA",16.1,28.8,0.58,41,58.2,42.2,1018.6,1016,21.8,27.2
"192",3,2011,"ACT",12.2,23.3,1.08,38.9,83,55.6,1016.2,1014.4,15.8,21.1
"193",3,2011,"ACT ",12.5,23.3,2.52,33.2,79.5,54.9,1016.6,1014.4,15.5,21.7
"194",3,2011,"ISLAND",20.5,25.4,9.2,43,76.6,71.3,1015.5,1014.1,23,23.9
"195",3,2011,"NSW",17.4,26.7,3.81,38.8,74.5,56.1,1016.1,1014.2,20.5,25.2
"196",3,2011,"NT",21.1,30.1,4.99,41.4,76.8,58.6,1009.5,1006.2,24.7,28.8
"197",3,2011,"QLD",22.4,29.4,11.71,34.9,74.9,68.2,1013.1,1010.4,26.2,27.9
"198",3,2011,"SA",14.1,24.1,2.29,39,71.4,51.8,1016.4,1014.9,17.2,22.7
"199",3,2011,"TAS",10.7,20.6,2.21,40.3,74.5,52.8,1016.3,1014.9,13.6,19.3
"200",3,2011,"VIC",13.2,23.2,1.82,38.8,79.2,57.1,1017.1,1015.7,16.1,21.7
"201",3,2011,"WA",17.7,30.8,0.08,44.5,52.1,37.4,1015.5,1012.8,23.5,29.1
"202",3,2012,"ACT",10.1,22.1,6.24,39,83.3,56.4,1016.7,1014.4,13.9,20.5
"203",3,2012,"ACT ",10.5,22.1,8.7,33.3,82,58.3,1016.5,1014.1,13.8,20.5
"204",3,2012,"ISLAND",19.4,24,2.03,44,73.5,68.6,1014.6,1013.1,21.9,22.8
"205",3,2012,"NSW",16.1,25.4,5.6,40,75.6,57.9,1016.1,1014,19.3,24.1
"206",3,2012,"NT",19.9,30.8,9.89,41,65.4,51.7,1010.1,1006.7,25,29.4
"207",3,2012,"QLD",21.9,29,13.98,38.2,74.8,68.6,1012.2,1009.4,25.9,27.4
"208",3,2012,"SA",13.5,26,1.58,41.5,67,37.3,1016.7,1014.8,17.2,24.6
"209",3,2012,"TAS",11.1,21.4,1.12,41,73,52.8,1016.1,1014.5,14.1,19.8
"210",3,2012,"VIC",12.8,23.4,2.67,40.7,80.9,52.6,1017,1015.5,15.9,22
"211",3,2012,"WA",15.6,30.2,0.05,42.6,48.7,32.5,1015.6,1012.2,22.4,28.6
"212",3,2013,"ACT",9.2,25.3,1.02,39.6,73.3,39.4,1018.9,1016.2,15,23.5
"213",3,2013,"ACT ",10.7,25.1,0.72,35,73.2,43,1018.5,1015.6,15.2,23.7
"214",3,2013,"ISLAND",19.2,24.5,1.48,42.9,72,65.1,1015.9,1014.3,21.8,23.1
"215",3,2013,"NSW",17.3,27.4,2.31,39.8,68.4,50.1,1017.8,1015.5,20.8,25.9
"216",3,2013,"NT",22.4,34.5,6.89,41.7,59.1,44,1010.5,1006.8,27.3,32.9
"217",3,2013,"QLD",21.8,29.6,5.45,40.3,71.9,66.2,1013.6,1010.8,26,27.6
"218",3,2013,"SA",15.9,28.3,0.62,43.3,58.4,35.6,1016.7,1014.8,19.9,26.4
"219",3,2013,"TAS",12.4,24.4,1.94,41.6,72.3,46.8,1015.9,1014.2,15.8,22.8
"220",3,2013,"VIC",14.3,27.2,1.8,41.9,69.8,42.3,1017.5,1015.5,18.3,25.6
"221",3,2013,"WA",14.8,26.6,1.92,38.9,65.8,49.7,1016.5,1014.2,20.3,24.9
"222",3,2014,"ACT",12.2,24.2,2.84,37.2,82.9,56.4,1020,1017.6,16.3,22.5
"223",3,2014,"ACT ",12.8,24.1,2.32,33.9,81.5,54.9,1019.8,1017.3,16.3,22.7
"224",3,2014,"ISLAND",18.3,23.4,0.81,42.5,70.6,65.4,1019.3,1017.7,21,22.1
"225",3,2014,"NSW",17.6,27.3,4.09,37.2,74.3,55.1,1019.4,1017.1,20.9,25.9
"226",3,2014,"NT",20.7,34.8,1.95,39.3,50.7,35.1,1013.1,1009.2,27.4,33.2
"227",3,2014,"QLD",21.9,29.4,7.39,38.6,71.6,64.3,1015.9,1013.1,26,27.8
"228",3,2014,"SA",13.9,27.3,0.67,39.1,66.5,38.1,1018.9,1017,18.1,25.6
"229",3,2014,"TAS",12.1,23,1.62,39.1,75.5,47.6,1018.4,1016.6,15.2,21.6
"230",3,2014,"VIC",13.1,25.9,1.63,38.8,78.5,47.1,1019.5,1017.6,16.8,24.2
"231",3,2014,"WA",16.2,28.6,0.5,41.2,59.2,44.4,1018.3,1015.9,21.7,26.7
"232",3,2015,"ACT",8.8,26,0.44,41,72.6,34.1,1016.4,1013.6,14.4,24.3
"233",3,2015,"ACT ",9.6,25.6,0.41,36.6,69.4,36,1015.7,1012.9,14.7,24.3
"234",3,2015,"ISLAND",19.5,24.8,2.31,36.5,72.4,67.9,1014.1,1012.6,22.5,23.6
"235",3,2015,"NSW",16.8,27.9,2.22,41.5,65.2,47.5,1015.6,1013.4,20.6,26.3
"236",3,2015,"NT",21.9,34.8,2.98,40.3,51.7,35.9,1012.8,1009.1,27.4,33.5
"237",3,2015,"QLD",23.1,31.3,3.48,38.4,67.1,58.5,1014,1010.9,27.4,29.6
"238",3,2015,"SA",12.6,25.6,0.34,41,62.6,34.1,1018,1016.3,16.8,24
"239",3,2015,"TAS",9.9,20.3,1.65,49.8,63.8,47.2,1012.6,1011,13.1,18.5
"240",3,2015,"VIC",11.2,24.4,0.99,41.4,75.6,45.1,1016.9,1015.1,15.3,22.8
"241",3,2015,"WA",15.2,27.7,0.97,40.2,62.7,46.4,1018.2,1015.9,21.1,25.8
"242",3,2016,"ACT",12.6,27.7,0.92,38.8,75,37,1019,1015.9,17.2,26.1
"243",3,2016,"ACT ",13.2,27,1.88,31.1,77.3,40.3,1019.5,1016.5,16.8,25.7
"244",3,2016,"ISLAND",20.7,25.6,6.96,38.4,78,75.7,1017.7,1016,23.7,23.9
"245",3,2016,"NSW",18.4,28.8,3.06,38.1,70.8,49.6,1018.3,1015.9,21.7,27.3
"246",3,2016,"NT",22.8,34.9,1.73,39.7,56.4,40,1012.6,1008.9,27.9,33.3
"247",3,2016,"QLD",22.6,30.3,7.86,35,74.2,67.3,1015.1,1012.1,26.8,28.7
"248",3,2016,"SA",15.9,28.1,1.25,36.5,64.9,40.1,1018,1016.1,19.5,26.6
"249",3,2016,"TAS",12.5,21.6,0.55,40.2,66.9,50.2,1018.7,1017.1,15.5,20.1
"250",3,2016,"VIC",14.7,26.7,1,37.9,76.4,47.1,1018.5,1016.8,17.9,25.2
"251",3,2016,"WA",16.3,27.9,1.26,39.6,65.4,50.6,1017.8,1015.3,21.5,26.1
"252",3,2017,"ACT",13.2,26.4,2.77,41.5,80.4,52,1017,1014.5,17.3,24.3
"253",3,2017,"ACT ",13.8,25.5,3.96,34.6,77.3,50.9,1017.4,1014.9,17.1,23.9
"254",3,2017,"ISLAND",19.3,24.8,3.29,41.3,70.2,67.1,1016,1014,23.1,23.7
"255",3,2017,"NSW",18.6,27.7,7.37,43.6,75.3,60,1015.5,1013.5,21.5,26.1
"256",3,2017,"NT",21.7,35.5,4.93,39.6,45.7,35,1011.3,1007.7,27.9,34
"257",3,2017,"QLD",23,31.1,6.63,35,73.1,67.5,1012.2,1009.2,27.5,29.2
"258",3,2017,"SA",15.7,29.3,1.1,39.7,63.2,37.4,1015.7,1013.9,19.9,27.7
"259",3,2017,"TAS",12.9,22.4,1.19,40.2,72.1,51.7,1018.1,1016.3,15.6,20.7
"260",3,2017,"VIC",15.1,27.5,2.35,39.8,76.9,49.1,1016.2,1014.5,18.4,25.7
"261",3,2017,"WA",14.7,26.1,1.73,41.7,66.6,51.7,1016,1013.8,19.8,24.5
"262",4,2008,"ACT",5.2,19.5,0.58,35.3,74.6,41.6,1022.1,1018.9,11.1,18.4
"263",4,2009,"ACT",8.4,19.6,2.42,41,71.9,47.4,1020.2,1017.3,12.9,18.2
"264",4,2009,"ACT ",8.6,19.6,3.29,36.1,71.3,47.8,1019.7,1016.8,12.8,18.4
"265",4,2009,"ISLAND",18.4,23.6,2.86,43.2,71.1,67.3,1017.4,1015.5,21.4,22.1
"266",4,2009,"NSW",13.4,23.1,3.31,40,68,52.8,1019.1,1016.4,17.9,21.9
"267",4,2009,"NT",19.1,31.2,1.06,38.3,51,34.2,1014.5,1011,24.8,30.2
"268",4,2009,"QLD",19.7,28.9,6.38,37,68.5,58.3,1015.4,1012.4,24.8,27.2
"269",4,2009,"SA",10.9,22.4,1.69,40.1,62.6,42.5,1019.8,1017.5,16.1,21.1
"270",4,2009,"TAS",8.3,17.9,2.41,39.8,75.3,57,1016.3,1014.5,12.1,16.4
"271",4,2009,"VIC",9.4,20.6,2.2,40,75,51.8,1019.1,1016.8,14,19.3
"272",4,2009,"WA",12.8,25.9,0.32,37.5,62.4,43.9,1020.6,1017.9,18.5,24.3
"273",4,2010,"ACT",7.5,21.1,0.65,32.2,72.8,46.7,1021.3,1018.1,13.7,20
"274",4,2010,"ACT ",7.8,21.3,0.76,28.4,71.4,47,1020.7,1017.5,14.2,20.3
"275",4,2010,"ISLAND",18.3,23.2,3.14,39.5,69.7,67.1,1019,1017,21.1,22
"276",4,2010,"NSW",13.6,24.4,1.19,32.2,68.3,50.7,1020.7,1017.9,18.8,23.4
"277",4,2010,"NT",19.8,30.3,2.94,35.9,70.5,49.2,1014.3,1010.9,24.4,29.1
"278",4,2010,"QLD",20.6,28.2,3.2,35.5,72.7,65.5,1017.2,1014.4,24.6,26.6
"279",4,2010,"SA",12.8,23.2,1.93,36,68,47.3,1019.9,1017.4,17.2,22
"280",4,2010,"TAS",10.1,19.8,1.98,38,76.6,57,1016.9,1015.2,13.8,18.2
"281",4,2010,"VIC",11.8,22,1.34,37.6,76.5,54.6,1019.8,1017.6,15.9,20.8
"282",4,2010,"WA",12.3,24.1,1.11,35.1,71.4,51.6,1016.5,1014.3,17.9,22.7
"283",4,2012,"ACT",6.2,20.1,0.58,32.7,79.3,52.2,1021.6,1018.7,12.7,18.8
"284",4,2012,"ACT ",6.5,20.2,1.52,29.4,79.4,54.7,1021.4,1018.4,12.9,18.9
"285",4,2012,"ISLAND",18.5,22.7,3.5,45.4,75.3,74.3,1017.6,1015.7,20.6,21.4
"286",4,2012,"NSW",13.4,23.8,3.55,35.7,70.1,54,1020.5,1017.9,18.3,22.4
"287",4,2012,"NT",18.2,30.5,1.61,38.2,58.2,39.6,1015.5,1012,24,29.3
"288",4,2012,"QLD",19.2,28.1,5.42,35.5,69.3,61.8,1017,1014,24.1,26.4
"289",4,2012,"SA",10.8,24,0.75,36.5,57.1,37.8,1022,1019.5,17.5,22.7
"290",4,2012,"TAS",9.7,19.9,0.88,38.4,74.8,56.5,1018.7,1016.4,14,18.4
"291",4,2012,"VIC",10,21.9,2.33,37.5,76.9,52.5,1021.3,1018.9,15.1,20.6
"292",4,2012,"WA",13.8,24.8,2.88,38.4,49.8,37.2,1019.3,1017.7,19,23.2
"293",4,2013,"ACT",5.5,21.8,0.35,36.1,72.9,38.8,1021.3,1018.3,12.5,20.2
"294",4,2013,"ACT ",6,21.8,0.51,31.8,73.1,40.3,1020.9,1017.7,12.3,20.6
"295",4,2013,"ISLAND",17.9,22.8,4.06,40.5,73.5,68.2,1017.1,1015.2,20.9,21.7
"296",4,2013,"NSW",12.8,24.2,3.08,33.5,67.7,48.5,1020.2,1017.5,17.8,22.9
"297",4,2013,"NT",18,32.5,0.94,37.4,51.4,30.8,1014.9,1011.1,24.8,31.4
"298",4,2013,"QLD",19.4,28,4,36.7,71.5,62,1016.4,1013.4,24,26.4
"299",4,2013,"SA",12,23.7,1.12,36,63.4,40.9,1021,1018.6,16.9,22.5
"300",4,2013,"TAS",8.1,18.5,0.68,39.8,71.8,52.5,1018.3,1016,12.2,17.2
"301",4,2013,"VIC",9.8,21.6,1.25,35.9,76.8,50,1020.7,1018.4,14.5,20.4
"302",4,2013,"WA",15.2,26.8,0.85,31.8,71.4,51.8,1017.6,1015.3,20.3,25.1
"303",4,2014,"ACT",7.4,19.7,2.31,30.4,82.3,58.5,1019.7,1016.8,13,18.6
"304",4,2014,"ACT ",8.2,19.3,3.71,29.3,79.1,58.5,1019.4,1016.6,13,18.4
"305",4,2014,"ISLAND",17.7,22.9,1.37,35.7,73.5,69.6,1017.4,1015.2,20.9,21.6
"306",4,2014,"NSW",14.4,24,2.83,35.1,70.9,56,1018.4,1015.7,18.7,22.8
"307",4,2014,"NT",19.2,31.5,2.63,37,64.5,45.5,1014,1010.5,24.4,30.1
"308",4,2014,"QLD",20.5,28.8,5.65,35.9,69.3,60.6,1015.8,1012.7,24.9,27.3
"309",4,2014,"SA",12,22.4,1.86,37.3,70.5,48,1019,1016.6,16.5,21.3
"310",4,2014,"TAS",8.4,18.7,1.94,38,74.7,55.1,1018.1,1016.6,12.6,17.1
"311",4,2014,"VIC",11,21.2,2.51,37.4,79.2,57,1018.9,1016.8,15.1,19.8
"312",4,2014,"WA",12.8,25.4,0.93,35.3,65.7,46.5,1018,1015.7,18.8,23.8
"313",4,2015,"ACT",7.2,19.4,3.06,36.3,76.6,58.1,1020.2,1017.9,13.1,17.3
"314",4,2015,"ACT ",7.8,18.5,3.23,32.8,76.8,59.2,1020.1,1017.7,12.7,17.1
"315",4,2015,"ISLAND",18.8,23.6,2.11,42.3,69.6,66.3,1019.8,1018,21.5,22.2
"316",4,2015,"NSW",13.4,22.8,6.65,41,72,57,1019.1,1016.7,17.5,21.3
"317",4,2015,"NT",17.2,30.4,0.26,37.5,49.8,34.9,1016.4,1012.6,23,29.4
"318",4,2015,"QLD",19.6,28.6,4.71,35.3,64.8,55.7,1016.6,1013.3,24.4,27.2
"319",4,2015,"SA",9.9,20,1.67,37.5,65.8,48,1022.9,1020.5,14.6,18.8
"320",4,2015,"TAS",8.9,16.3,0.44,39.1,66.8,56,1021.6,1020.1,11.7,15.1
"321",4,2015,"VIC",9.5,19.9,4.56,39.5,79.8,55.9,1021.3,1019.1,13.5,18.5
"322",4,2015,"WA",13,23.9,2.61,38.2,68.6,51.2,1021.6,1019,17.9,22.7
"323",4,2016,"ACT",8.3,23.9,0.23,34.9,72.1,37,1024,1020.5,14.5,22.8
"324",4,2016,"ACT ",8.6,23.4,0.24,29.8,73.2,38.5,1024.2,1020.5,14.2,22.5
"325",4,2016,"ISLAND",19.3,24.5,2.74,37.7,75.7,73.2,1019.7,1017.7,22.3,22.6
"326",4,2016,"NSW",14.9,26,1.87,34.3,67.8,50.7,1022.8,1019.7,19.8,24.6
"327",4,2016,"NT",17.9,32.7,0.52,36,46.9,27.6,1016.9,1013.1,24.5,31.6
"328",4,2016,"QLD",20.7,29.4,2.37,38.6,68.5,60.9,1018.5,1015.6,25.6,27.7
"329",4,2016,"SA",11.6,24.4,0.47,36.8,60.1,38.3,1022.1,1019.4,17.4,23.2
"330",4,2016,"TAS",10.8,20.4,0.29,46.5,60.7,41.8,1018.4,1016,14.2,19.1
"331",4,2016,"VIC",10.8,23,1.22,36.1,73,48.7,1022.6,1020.1,15.9,21.7
"332",4,2016,"WA",14.1,23.5,2.44,37.7,75.1,59.1,1020.3,1018.3,18.3,22
"333",4,2017,"ACT",5.4,19.8,1.13,31.8,79.1,50.1,1023.3,1019.9,12.2,18.8
"334",4,2017,"ACT ",6.2,19.6,1.08,28,78.1,49.6,1023,1019.7,12,18.7
"335",4,2017,"ISLAND",18.9,24.3,1.89,43.2,69.9,66.7,1016.7,1014.7,22,22.6
"336",4,2017,"NSW",12.9,23.7,1.98,36.3,68,51.1,1022.2,1019.3,17.9,22.2
"337",4,2017,"NT",16.4,29.4,2.7,37,51.5,33.4,1016.8,1013.1,21.9,28.4
"338",4,2017,"QLD",18.9,27.9,2.04,38.7,65,59.2,1017.9,1014.8,24,26.2
"339",4,2017,"SA",11.7,22.5,1.45,33.4,65.1,48,1023.2,1020.6,16.9,21.3
"340",4,2017,"TAS",9.9,19.3,0.74,40.8,66.1,49.3,1020.4,1018.3,13.3,18
"341",4,2017,"VIC",10.5,21.4,2.93,35.6,78,54.6,1022.5,1020.2,15,20.1
"342",4,2017,"WA",11.7,25.2,0.23,34.2,69.3,46.7,1022,1019.3,18,23.8
"343",5,2008,"ACT",2.6,17.2,0.43,29.7,80.7,46.9,1022.5,1019.5,7.9,16.4
"344",5,2009,"ACT",4.2,16.5,0.08,31.7,76.8,49.6,1025.3,1022.5,9.3,15.4
"345",5,2009,"ACT ",4.3,16.4,0.16,29.7,76.5,51.7,1024.9,1022.1,9.3,15.4
"346",5,2009,"ISLAND",15.6,19.9,1.17,46,65.4,61.6,1016.5,1014.6,18.1,18.7
"347",5,2009,"NSW",9.9,20.3,3.1,36.8,70.7,52.8,1023.1,1020.5,14.7,19.2
"348",5,2009,"NT",15,27.1,0.36,39.2,52.9,34.1,1016.9,1013.2,20.1,26.4
"349",5,2009,"QLD",16.6,25.7,4.18,38.7,66.8,57.5,1018,1015.1,21.5,24.1
"350",5,2009,"SA",9,17.8,1.14,31.5,78.6,58,1024.5,1022.2,12.8,16.8
"351",5,2009,"TAS",6.6,16.1,1.07,39.1,78,56.5,1021.6,1020.3,10.1,14.9
"352",5,2009,"VIC",7.7,17.7,1.28,34.2,83.7,59.8,1024.2,1022,11.5,16.6
"353",5,2009,"WA",9.6,23.2,2.16,36.1,63.5,40.3,1021.2,1018.6,15.5,22.1
"354",5,2010,"ACT",3.3,16.5,2.74,29.4,81.7,50.4,1020.2,1017.3,8.6,15.5
"355",5,2010,"ACT ",2.6,16.6,1.38,25,83.7,52.7,1021.2,1017.9,7.9,15.7
"356",5,2010,"ISLAND",16.9,21.4,3.52,49.8,72.9,70.2,1014.7,1012.6,19.4,19.9
"357",5,2010,"NSW",9.5,20.4,3.21,35,71.6,52.7,1018.8,1016.2,14.5,19.3
"358",5,2010,"NT",16.2,27.5,1.26,36.6,65.7,45,1015.5,1012.2,21.2,26.5
"359",5,2010,"QLD",17.2,26.1,2.78,34.7,66.2,56.8,1016.6,1013.6,22,24.6
"360",5,2010,"SA",8.3,18.7,1.39,33.9,73,52.1,1019.8,1017.3,12.9,17.6
"361",5,2010,"TAS",5.8,15.7,1.19,33.4,82.2,59.5,1018.3,1016.3,9.1,14.6
"362",5,2010,"VIC",7.2,17.7,1.78,34.1,84.3,61,1019.1,1016.8,11.3,16.6
"363",5,2010,"WA",8.8,20.9,3.25,33.8,72.6,52.2,1018.2,1015.9,14.3,19.7
"364",5,2011,"ACT",0.3,16.1,0.46,35.3,77.4,42.8,1020.5,1017.5,7.4,14.7
"365",5,2011,"ACT ",0.8,15.3,0.79,29.3,78.2,50,1021.1,1018.1,7,14.3
"366",5,2011,"ISLAND",16.4,21.5,5.14,44.6,70.9,65.9,1016.5,1014.7,19.3,20.2
"367",5,2011,"NSW",8.2,18.9,2.48,35.5,71.7,53,1020,1017.5,12.9,17.9
"368",5,2011,"NT",12.7,25.9,0.04,36.5,58,33.6,1018,1014.4,18.4,25.1
"369",5,2011,"QLD",15.1,25.2,1.38,34.5,62.7,52.3,1017.5,1014.4,20.5,23.7
"370",5,2011,"SA",8.5,17,1.98,33.9,74.7,57,1023.3,1021,12.2,15.9
"371",5,2011,"TAS",5.1,14.9,1.02,33,82.1,61.2,1017.8,1016.1,8.2,13.6
"372",5,2011,"VIC",7.2,16,2.12,34.4,82.8,63.8,1021.3,1019.3,10.6,14.8
"373",5,2011,"WA",11,22.6,2.14,34.2,68.6,47.4,1022.1,1019.2,16.1,21.6
"374",5,2012,"ACT",0.1,15.5,1.19,31.8,83.6,49.3,1023.3,1020.6,6.7,14.4
"375",5,2012,"ACT ",0.1,15.5,0.9,27.2,83.3,51.8,1023.4,1020.5,6.2,14.7
"376",5,2012,"ISLAND",16,20.5,5.05,48.8,68.4,65,1019.7,1017.8,18.6,19.2
"377",5,2012,"NSW",8.4,19.9,1.15,31.8,69.3,49.5,1022.7,1019.9,13.4,18.9
"378",5,2012,"NT",12.8,27.2,0.83,39.6,49.8,30.8,1017.8,1014.2,19.4,26.4
"379",5,2012,"QLD",16.2,25.6,2.62,35.6,67.1,56.5,1019.3,1016.4,21.1,24.1
"380",5,2012,"SA",7.6,18.3,1.52,37.6,69.1,52.5,1024.2,1021.9,12.6,16.9
"381",5,2012,"TAS",6.5,15.7,3.01,40.2,80.7,62.7,1017.3,1015.5,9.6,14.3
"382",5,2012,"VIC",6.7,17.3,1.86,37.2,80.4,56.3,1022.7,1020.5,10.9,16.3
"383",5,2012,"WA",10.3,22.3,2.02,34,68.8,50.1,1022.6,1020.1,15.7,21.2
"384",5,2013,"ACT",1.6,17,0.26,34.8,76.7,44.5,1023.7,1020.7,8.8,15.8
"385",5,2013,"ACT ",2.1,16.8,0.41,30.9,79,47.6,1023.8,1020.6,8.3,15.8
"386",5,2013,"ISLAND",16,20.7,3.42,45.6,70.6,67.2,1017.8,1015.9,18.7,19.3
"387",5,2013,"NSW",9.6,20.3,2.9,34.5,71.1,52.4,1022.7,1019.8,14.1,19.1
"388",5,2013,"NT",16.1,29,1,37.7,61.4,39,1016.5,1012.9,21.6,27.9
"389",5,2013,"QLD",17.1,25.4,2.74,38.5,70.2,59.7,1019.3,1016.4,21.2,23.9
"390",5,2013,"SA",10.2,19.9,1.73,36.8,69,48,1021.6,1019.1,14.2,18.9
"391",5,2013,"TAS",5.7,16.1,1.4,33.3,80.4,58.5,1019.5,1017.4,9.2,14.9
"392",5,2013,"VIC",7.1,18,1.46,36.3,80.4,56.2,1022.2,1019.8,11.3,16.8
"393",5,2013,"WA",10.7,20.8,6.22,37.8,79.8,58.9,1016.3,1014,15.3,19.5
"394",5,2014,"ACT",2.5,17.6,0.5,33.9,87.8,56.2,1023,1020,8.7,16.2
"395",5,2014,"ACT ",3,17.4,0.59,28.3,85.1,54.3,1022.9,1019.8,8.7,16.2
"396",5,2014,"ISLAND",15.9,20.8,2.05,35.2,64.7,62.3,1021.2,1019.4,18.8,19.5
"397",5,2014,"NSW",11,21.5,0.96,31.8,70.7,50.8,1022,1019.2,15.2,20.3
"398",5,2014,"NT",15.9,29.4,0.37,34.4,67,37.2,1016.8,1013.1,21.4,28.5
"399",5,2014,"QLD",17.6,26.4,1.45,35.8,69.4,60.2,1020.2,1017.2,22.1,24.6
"400",5,2014,"SA",10.2,19.8,1.89,34.2,73.6,54.5,1019.9,1017.7,14.5,18.8
"401",5,2014,"TAS",7.7,15.6,0.99,47.4,73.7,57.5,1015.9,1014.3,10.4,14.5
"402",5,2014,"VIC",8.8,19.1,1.53,35.5,82.2,59.5,1020.8,1018.6,12.7,18
"403",5,2014,"WA",12.2,20.5,4.56,37.6,83.1,66.5,1017.2,1015.4,15.9,19
"404",5,2015,"ACT",2.4,16.3,0.1,37.8,78.1,53.2,1023.1,1020.4,8.7,15.1
"405",5,2015,"ACT ",3,16,0.48,33.2,75.5,53,1022.6,1020,8.6,14.8
"406",5,2015,"ISLAND",16.8,21.6,1.41,45.5,67.3,65.1,1020.5,1018.4,19.6,20.2
"407",5,2015,"NSW",10.1,19.8,3.23,36.9,73,55.3,1022.1,1019.4,14.3,18.7
"408",5,2015,"NT",12.9,27.9,0.32,36.8,51.2,30.9,1019.7,1016,19.4,27.1
"409",5,2015,"QLD",16.7,26.6,4,35.4,64.9,54.9,1019.4,1016.2,22,25.2
"410",5,2015,"SA",8.9,17.7,1.77,39.6,75.1,57,1023.4,1021.4,12.8,16.6
"411",5,2015,"TAS",6.8,14.6,2.45,55.1,69.1,56.9,1013.7,1012,9.8,13
"412",5,2015,"VIC",7.6,17.4,2.04,40.6,82.7,59.9,1022,1019.9,11.3,16.2
"413",5,2015,"WA",9.1,20.1,2.9,36.1,75.2,54.2,1023.8,1021.5,14.1,19
"414",5,2016,"ACT",4.6,17.3,1.59,45.1,79.2,53.5,1017.9,1015.3,10.2,16.1
"415",5,2016,"ACT ",4,17.1,1.24,36.9,76.5,51.3,1017.6,1015,10,16.1
"416",5,2016,"ISLAND",17.9,22.2,4.13,43.1,74.8,72.6,1017.2,1015.1,20.7,21
"417",5,2016,"NSW",10.9,21.8,1.28,34.9,67.9,50,1018,1015.1,15.7,20.6
"418",5,2016,"NT",15.8,28,2.1,32.7,63.9,40.3,1017,1013.8,20.5,26.8
"419",5,2016,"QLD",18.6,27.8,2.71,32.1,67,57.8,1017.8,1014.6,23.3,26.3
"420",5,2016,"SA",10.4,19.2,2.36,41,73.7,56.6,1017,1014.8,14,18
"421",5,2016,"TAS",8.7,15.6,3.1,57.6,68.4,53.6,1007.2,1005.4,11.2,14.3
"422",5,2016,"VIC",8.9,18.7,1.87,43.8,77.4,57.4,1015.8,1013.7,12.8,17.6
"423",5,2016,"WA",9.9,19.8,4.18,37.3,81.6,58.2,1017.4,1015.8,14.6,18.7
"424",5,2017,"ACT",1.6,16.4,1.1,31.5,82.7,53.5,1024.1,1021.3,8.1,15.3
"425",5,2017,"ACT ",2.2,16.2,1.97,27.1,82,53.7,1023.9,1021,8.1,15.2
"426",5,2017,"ISLAND",17.2,22.1,1.86,43.8,67.6,68.3,1020.6,1018.4,20.1,20.2
"427",5,2017,"NSW",10.1,20.6,1.27,31.6,74.2,53.5,1023.1,1020.5,14.7,19.6
"428",5,2017,"NT",12.5,28.1,0.01,35.5,49.1,27.5,1018.9,1015.2,19.2,27.2
"429",5,2017,"QLD",17.3,26,2.87,34.6,73.6,64,1019.6,1016.6,21.9,24.6
"430",5,2017,"SA",7.8,18.4,1.38,33,73.1,51.9,1023.1,1020.9,12.7,17.4
"431",5,2017,"TAS",7.6,14.7,0.92,36.4,75.5,62,1019.7,1018.5,10,13.3
"432",5,2017,"VIC",7.1,17.4,1.18,32.7,85.8,60.6,1022.9,1020.9,11,16.3
"433",5,2017,"WA",10.6,21.6,2.58,35.7,77.6,55.7,1020.2,1018.2,15.3,20.2
"434",6,2008,"ACT",4.4,14.5,0.73,33.3,83.7,59.8,1026,1023.4,8.2,13.4
"435",6,2009,"ACT",3.3,12.7,1.18,29.8,87.4,61.9,1019.7,1017,6.7,11.6
"436",6,2009,"ACT ",3.6,12.4,1.01,26.6,88.8,63.8,1019.6,1016.9,6.4,11.5
"437",6,2009,"ISLAND",15.1,19.3,3.75,46.3,69.8,69.1,1019.1,1016.9,17.3,17.8
"438",6,2009,"NSW",8.2,17.3,3.46,32.5,79.1,60.9,1018.5,1015.8,11.9,16.2
"439",6,2009,"NT",13.2,26.1,0.04,33.5,58.2,32.1,1017.1,1013.6,18.6,25.4
"440",6,2009,"QLD",13.9,24.4,1.96,33.6,68.3,55.1,1017.7,1014.5,19.4,23
"441",6,2009,"SA",7,15.8,1.58,35.9,80.7,60.3,1015.9,1013.8,10.2,14.7
"442",6,2009,"TAS",5.3,12.8,3.83,31.2,89.6,75.5,1016.5,1014.5,7.7,11.9
"443",6,2009,"VIC",5.6,15,1.78,34.7,87.6,66.5,1016.8,1014.3,8.8,13.9
"444",6,2009,"WA",8.8,18,6.27,41.8,80.6,62.4,1015.3,1013.5,12.6,16.6
"445",6,2010,"ACT",1.3,12.9,0.81,33,82.8,54.6,1024.5,1022,6.3,11.7
"446",6,2010,"ACT ",1.3,13.9,1.2,26.1,86.2,55.1,1025.9,1023.1,6.1,12.8
"447",6,2010,"ISLAND",15,19.2,3.2,43.7,71.8,68.6,1019.1,1017.5,17.6,18.3
"448",6,2010,"NSW",7.2,16.8,2.71,34.9,76.3,57.7,1023.6,1021.3,11.2,15.9
"449",6,2010,"NT",11.8,25.1,0,37.7,56.1,33.2,1019.8,1016.3,17,24.4
"450",6,2010,"QLD",15,24.4,0.43,32.9,66,54.5,1020.1,1017.3,19.5,23
"451",6,2010,"SA",5.7,14.9,1.59,32.7,84,60.3,1025.3,1023.2,9.3,13.9
"452",6,2010,"TAS",3.9,13.4,1.97,34.9,85.3,63.2,1019.8,1018.1,6.6,12.2
"453",6,2010,"VIC",5.1,14.4,2.19,35.8,88,65.4,1023.4,1021.6,8.4,13.3
"454",6,2010,"WA",7.6,18.2,2.41,31.9,80.7,57.8,1025,1022.8,11.8,17
"455",6,2011,"ACT",1.2,13.4,0.37,42.2,76.3,52.3,1023,1021.1,7.2,11.6
"456",6,2011,"ACT ",1.3,13.4,0.37,33.4,79,53.2,1022.7,1020.6,6.4,12.1
"457",6,2011,"ISLAND",16,20.1,6.53,47.3,74.9,73.4,1016.4,1014.3,18.5,19
"458",6,2011,"NSW",7.2,17.3,3.17,39.2,74.3,54.6,1021.5,1019.2,11.3,16.2
"459",6,2011,"NT",9.4,24.2,0.16,35.6,59.6,30.6,1019.2,1015.6,15,23.6
"460",6,2011,"QLD",12.6,23.3,0.98,33.5,63.9,49.5,1018.5,1015.5,18.1,22.1
"461",6,2011,"SA",6.7,15.8,1.42,37.9,78,58.3,1023.4,1021.4,10.4,14.8
"462",6,2011,"TAS",4.2,13.2,3,41.9,83.3,64.8,1016.9,1015.5,7.3,12.3
"463",6,2011,"VIC",5.6,15.3,2.24,40.8,84.1,62.6,1022.3,1020.5,9.1,14.2
"464",6,2011,"WA",10.3,19,5.09,41.8,75.5,57.9,1020.4,1018.1,13.8,18
"465",6,2012,"ACT",1.5,13,1.83,35.7,86.9,59,1021,1018.5,6.6,11.7
"466",6,2012,"ACT ",0.6,12.7,1.42,28.6,86.9,58.2,1021.6,1019,5.7,11.8
"467",6,2012,"ISLAND",14.8,19.2,6.35,48.4,71.8,68.2,1017.1,1015.2,17.5,18
"468",6,2012,"NSW",7.2,16.9,4.11,33.3,78.7,60.2,1020.6,1018,11.2,15.8
"469",6,2012,"NT",9.8,24.8,0,37,52.5,28.4,1019.1,1015.4,16.3,23.9
"470",6,2012,"QLD",14.1,23.1,3.08,32.9,71.9,58.2,1017.8,1014.7,18.4,21.9
"471",6,2012,"SA",6.1,14.8,2.74,38.6,79.1,60.6,1022.2,1020.1,9.6,13.6
"472",6,2012,"TAS",4,12.8,1.61,37.8,83.8,62.7,1018.4,1016.7,6.7,11.8
"473",6,2012,"VIC",5.4,14.3,2.83,39.1,84.7,66.8,1020.6,1018.4,8.7,13.1
"474",6,2012,"WA",10.4,18.8,5.3,41.9,78,61.5,1018.4,1016.6,13.6,17.4
"475",6,2013,"ACT",1.6,13.8,2.94,33.2,85.4,57.6,1022,1019.6,6.5,12.8
"476",6,2013,"ACT ",1.9,13.4,2.66,28.9,86.7,60.5,1022,1019.6,6.1,12.5
"477",6,2013,"ISLAND",14.4,18.7,5.12,46.6,70.3,66.1,1017,1015,16.7,17.6
"478",6,2013,"NSW",8.5,17.1,5.86,34,81.2,64.7,1020.5,1018.2,11.8,16
"479",6,2013,"NT",13.3,25.3,0.18,35.6,61.4,37.2,1018.3,1014.9,17.8,24.5
"480",6,2013,"QLD",14.9,23.9,1.94,33.5,69.5,57.1,1018.2,1015.2,19.3,22.4
"481",6,2013,"SA",6.9,15.5,2.21,33.4,84.7,63.6,1022.4,1020.4,10.3,14.7
"482",6,2013,"TAS",5.3,13.6,1.36,36.1,83.8,66.2,1020.8,1019.3,7.8,12.7
"483",6,2013,"VIC",5.6,15,2.95,31.9,89.5,67.3,1022,1020.1,8.8,14
"484",6,2013,"WA",8.2,19,2.49,33.1,81.3,57.6,1022.2,1019.8,12.5,17.9
"485",6,2014,"ACT",2.7,13.2,1.97,38.5,88.2,67.2,1021.2,1019,7.1,12
"486",6,2014,"ACT ",3.5,13.3,2.26,32.2,86,65.5,1021.9,1019.5,7.5,12
"487",6,2014,"ISLAND",15.5,19.9,3.63,39.3,74.8,69.5,1019.8,1017.7,17.9,18.9
"488",6,2014,"NSW",8.5,17.5,2.5,37.7,76.2,57.1,1020.8,1018.4,12,16.6
"489",6,2014,"NT",10.4,25.5,0,40.1,55.5,33.8,1019.9,1016.3,16.5,24.6
"490",6,2014,"QLD",15.5,24.4,1.42,35.8,67.7,55.8,1019.2,1016.1,19.7,23.1
"491",6,2014,"SA",7.7,15.7,2.89,39.6,83.1,64.5,1021.6,1019.8,10.9,14.7
"492",6,2014,"TAS",6.4,13.3,0.69,40.5,77.2,61.2,1015.6,1014.2,8.8,12.3
"493",6,2014,"VIC",7.1,15.3,2.69,40.5,86.3,69.1,1019.5,1017.9,10.1,14.2
"494",6,2014,"WA",8.4,18.6,3.98,35.7,77.2,58.7,1023,1021.1,12.9,17.5
"495",6,2015,"ACT",-1.2,13.8,1.11,28.5,88,57,1028,1025.5,4.6,12.5
"496",6,2015,"ACT ",-0.1,13.3,2.78,25.8,86.6,57.9,1027.2,1024.6,4.6,12.4
"497",6,2015,"ISLAND",14.9,19.4,1.31,43.4,64.1,59.3,1022.7,1020.8,17.4,18.1
"498",6,2015,"NSW",7.8,17.3,2.44,30.3,79,60.9,1026.2,1023.9,11.4,16.3
"499",6,2015,"NT",12.1,26.6,0.02,36.7,60.4,33.8,1020.5,1016.8,17.6,25.8
"500",6,2015,"QLD",16,24.2,2.62,37,73.6,61.7,1021.8,1019.1,19.9,22.8
"501",6,2015,"SA",6.9,15.3,0.68,31.9,79.6,59.5,1026.5,1024.5,10.1,14.4
"502",6,2015,"TAS",5.3,12.9,1.47,47.9,73.8,59.7,1022.1,1020,7.8,11.9
"503",6,2015,"VIC",5.2,14.4,1.66,32.5,89.5,66.3,1026.4,1024.3,8.4,13.6
"504",6,2015,"WA",9.9,19.8,3.39,36.8,79,58.6,1021.6,1019.6,13.8,18.6
"505",6,2016,"ACT",3,13,4.81,37.4,86.2,64.8,1019.1,1016.6,6.7,11.7
"506",6,2016,"ACT ",3.2,12.8,6.13,31.7,84.2,63.4,1018.7,1016.1,6.8,11.8
"507",6,2016,"ISLAND",16.1,20.2,4.06,49.9,71.3,70.3,1019.4,1017,18.6,19
"508",6,2016,"NSW",9.1,17.4,7.32,39.2,76.2,59.6,1018.5,1015.9,12.4,16.2
"509",6,2016,"NT",13.8,24.5,1.91,32.3,73.1,48.6,1018.2,1015,17.7,23.5
"510",6,2016,"QLD",16.2,24.4,5.8,36.2,70.3,60.3,1018,1015,20.1,23.1
"511",6,2016,"SA",7.2,15,3.41,38,83.3,65,1018.5,1016.7,10.5,14
"512",6,2016,"TAS",6.5,13.5,3.85,46.1,76.2,64.2,1012.1,1010.8,9,12.1
"513",6,2016,"VIC",6,14.5,2.96,37.6,87,69.3,1017.6,1015.6,9,13.5
"514",6,2016,"WA",9.1,17.6,4.56,36.2,81.5,64.9,1019.1,1017.2,12.3,16.4
"515",6,2017,"ACT",-1.1,14,0.09,27.7,88.7,55.6,1029,1026.2,4.7,13.2
"516",6,2017,"ACT ",-0.3,13.7,0.06,24.6,87.4,54.6,1028.8,1025.9,4.7,13
"517",6,2017,"ISLAND",15.5,19.9,4.86,44.1,77.5,73,1018.4,1016.4,18.2,18.5
"518",6,2017,"NSW",7.6,18,3.65,32.1,80.8,59.9,1026.8,1024.3,11.5,17.1
"519",6,2017,"NT",8.3,24.6,0,36.8,49.7,26.4,1023.1,1019.4,14.4,23.8
"520",6,2017,"QLD",14.9,24.1,2.21,36.9,67.8,57.6,1021.2,1018.4,19.4,22.8
"521",6,2017,"SA",4.4,16.7,0.23,25.4,80.3,53.1,1029.8,1027.4,9.2,15.9
"522",6,2017,"TAS",6.3,14.4,0.21,45.9,70.8,53.3,1022.8,1020.6,8.8,13.4
"523",6,2017,"VIC",5,15.3,1.66,27.6,91.9,66.4,1028.5,1026.2,8.3,14.4
"524",6,2017,"WA",9.3,20.7,2.97,33,75.3,52.7,1024.2,1022,13.8,19.7
"525",7,2008,"ACT",-0.1,11.7,1.47,39,83.9,57.7,1021,1018.5,4.2,10.6
"526",7,2008,"NT",18.1,31.2,0,40.9,53.1,30.7,1015.4,1011.5,23.2,29.9
"527",7,2008,"QLD",10.4,20.8,2.63,28.7,67.9,50.2,1020.9,1017.6,14.8,19.7
"528",7,2008,"SA",7,14.5,3.36,38.5,73.1,58.9,1021.1,1019.6,10.7,13.5
"529",7,2008,"TAS",3.9,11.7,1.56,39.9,78.3,59.7,1015.3,1014.4,6.1,10.6
"530",7,2008,"VIC",6.8,14.2,1.43,51.6,76.3,53.1,1018.7,1016.9,8.8,13.3
"531",7,2008,"WA",7.3,17.9,5.79,36.3,82.7,61,1019.1,1017.2,11.7,16.5
"532",7,2009,"ACT",1.7,12.4,0.94,42.5,79.7,57.6,1019.1,1016.9,6.3,11.2
"533",7,2009,"ACT ",1.1,12.6,1.08,33.7,78.3,53.8,1019.1,1016.8,6,11.5
"534",7,2009,"ISLAND",13.7,18.4,4.33,48.8,71.3,66.8,1015.5,1013.6,16.4,17.2
"535",7,2009,"NSW",6.3,16.8,1.26,35.6,72.7,52.9,1019,1016.7,10.9,15.7
"536",7,2009,"NT",12,25.9,0,37.4,50.9,29.9,1018.9,1015,17.8,24.9
"537",7,2009,"QLD",12.8,24,0.13,36,61.8,48.5,1018.6,1015.4,18.6,22.5
"538",7,2009,"SA",7.1,15.1,2.74,41.7,77.2,60.7,1018,1016.3,10,14.1
"539",7,2009,"TAS",4,12.8,2.29,42.7,81.8,62.9,1011.9,1010.4,7,11.6
"540",7,2009,"VIC",5.3,14.6,2.01,42.6,81.5,60.2,1017,1015.1,8.6,13.6
"541",7,2009,"WA",7.7,17.1,5.35,39.3,80.4,59.4,1020.3,1018.5,11.5,15.9
"542",7,2010,"ACT",0.4,12.7,2.35,29,90.2,56.4,1025.9,1023.3,5,11.7
"543",7,2010,"ACT ",0.3,12.8,2.52,30.2,90.1,55.9,1024.3,1022,5.2,11.9
"544",7,2010,"ISLAND",13.7,18.2,1.46,43.2,66.3,65.7,1021.6,1019.5,16.3,16.9
"545",7,2010,"NSW",7,16.2,2.93,33.7,78.9,61.4,1025,1022.6,10.7,15.2
"546",7,2010,"NT",14.4,25.1,1.66,39.4,68.5,45,1019,1015.8,18.1,24.1
"547",7,2010,"QLD",16.1,24.4,1.09,35.5,69.9,59.8,1021.5,1018.7,19.9,22.7
"548",7,2010,"SA",5.1,14.8,1.76,33.7,83.4,58.5,1024.9,1022.7,8.8,13.8
"549",7,2010,"TAS",3.6,13.6,1.32,30.4,86.3,61.5,1021.3,1019.4,6.3,12.8
"550",7,2010,"VIC",4.8,14.1,1.86,32.6,88.8,67.2,1024.4,1022.2,8.1,13.1
"551",7,2010,"WA",6.5,17.4,4.66,35.8,80,58.8,1022.1,1020,11,16.1
"552",7,2011,"ACT",-0.3,12.4,0.83,44.3,81.4,48.7,1022.6,1020.2,5,11.1
"553",7,2011,"ACT ",-0.2,12.2,1.21,36,82,53.2,1022.4,1020,4.5,11.1
"554",7,2011,"ISLAND",13.6,18.8,4.34,49.1,71.6,64.6,1016.7,1014.8,16.5,17.6
"555",7,2011,"NSW",6.2,16.4,3.55,38,73,52.1,1021.7,1019.2,10.3,15.3
"556",7,2011,"NT",12,26,0.12,37.2,61.9,33.3,1019.1,1015.4,17.4,25.2
"557",7,2011,"QLD",12.2,23.5,0.42,35.4,61.8,46.9,1020.1,1017,18.1,22.2
"558",7,2011,"SA",6.6,15,1.86,37.8,78.9,58.8,1022.7,1020.7,9.8,14
"559",7,2011,"TAS",3.6,12.3,1.43,43.5,79.2,60.1,1016.5,1015,6.5,11.4
"560",7,2011,"VIC",5.5,14.2,2.4,42.4,81.5,62,1021.2,1019.2,8.6,13.3
"561",7,2011,"WA",8.6,17.5,6.58,38.5,83,63.4,1018.9,1017.1,12.3,16.2
"562",7,2012,"ACT",0.3,13.1,0.62,34.5,86.9,50.9,1022.8,1020,5.2,11.9
"563",7,2012,"ACT ",-1.2,12.7,1.47,31.4,85.5,52.6,1025,1022.2,4.2,11.7
"564",7,2012,"ISLAND",14.4,18.4,4.99,48.4,69.7,68.2,1018.4,1016.5,16.4,17.2
"565",7,2012,"NSW",6.6,16.5,1.82,36.1,76.7,55.5,1023.8,1021.2,10.6,15.5
"566",7,2012,"NT",9.2,24.9,0,38.9,46.5,27.6,1019.5,1015.7,15.8,23.9
"567",7,2012,"QLD",14.2,23.1,2.24,35.5,67.8,56.5,1020.2,1017.1,18.3,21.8
"568",7,2012,"SA",5.8,14.8,1.52,35.1,80.1,56.9,1024.5,1022.5,9.4,13.8
"569",7,2012,"TAS",3.5,12.9,0.96,33,87.3,66.6,1019.9,1018.2,6.1,11.9
"570",7,2012,"VIC",5.2,14.6,2.2,35.5,86.4,63.2,1023.5,1021.5,8.5,13.5
"571",7,2012,"WA",6.2,18.5,1.52,33.5,74.5,50.8,1024.3,1021.7,11.2,17.6
"572",7,2013,"ACT",1.7,13.4,1.38,33.4,87.4,60.5,1025.6,1023.1,6.3,12.1
"573",7,2013,"ACT ",1.6,12.5,1.43,27.4,86,60.7,1025.6,1023.2,5.6,11.5
"574",7,2013,"ISLAND",14.1,18.1,4.69,44.6,69.4,66.6,1023,1020.9,16.2,17
"575",7,2013,"NSW",7.9,18,1.31,33.3,75.8,55.3,1024.6,1022,11.9,16.9
"576",7,2013,"NT",10.7,26.2,0.35,39.4,57,31.1,1019.5,1015.5,16.7,25.2
"577",7,2013,"QLD",15.3,24,1.71,37.6,71.2,59.4,1021.6,1018.8,19.4,22.4
"578",7,2013,"SA",6.9,15.5,3.09,39.7,80.5,61,1021.8,1019.7,10.2,14.4
"579",7,2013,"TAS",5,13.6,3.73,39.4,83.2,66,1016.5,1015.4,7.7,12.4
"580",7,2013,"VIC",5.6,15.3,2.39,38.2,86.5,63.3,1022.4,1020.1,8.9,14.2
"581",7,2013,"WA",7.1,17.8,5.18,39.1,79.4,58.2,1021.2,1018.8,11.6,16.5
"582",7,2014,"ACT",0,12.2,0.52,38,87.7,61.7,1021.4,1018.9,4.9,11
"583",7,2014,"ACT ",0.8,12.1,0.64,33.3,83.5,59,1021.3,1018.5,5,11
"584",7,2014,"ISLAND",13.5,18.3,3.35,48.2,70,64.4,1016.5,1014.7,16.1,17.2
"585",7,2014,"NSW",6.1,17.1,0.5,37.2,69.5,48.4,1021,1018.1,10.4,16.2
"586",7,2014,"NT",9.5,26.1,0.24,35.5,57.2,28.4,1020.1,1016,16,25.1
"587",7,2014,"QLD",11.9,23.9,0.36,33.9,60.6,45.9,1020.6,1017.2,18,22.5
"588",7,2014,"SA",6.4,14.9,2.19,43.1,77.5,60.1,1020.2,1018.1,9.7,13.9
"589",7,2014,"TAS",5.9,13.3,3.3,43.9,79.4,63.6,1014.1,1011.6,7.9,12.2
"590",7,2014,"VIC",5.2,14.5,1.28,42.3,84.2,64.4,1019.1,1016.8,8.5,13.5
"591",7,2014,"WA",9,17.4,5.94,42,83,64.1,1019.6,1018.2,12.5,16.1
"592",7,2015,"ACT",-0.7,11.5,1.2,34.2,86,59.8,1023.6,1021.1,4.3,10.2
"593",7,2015,"ACT ",0,10.9,1.59,30.4,83.5,58.7,1023.2,1020.8,4.4,10.1
"594",7,2015,"ISLAND",13.6,18.4,3.39,47,67.8,66.2,1021.9,1019.8,16.5,17.1
"595",7,2015,"NSW",5.8,15.9,1.4,34.8,76.2,54.3,1023.2,1020.7,9.7,14.9
"596",7,2015,"NT",9.8,25.5,0.08,37,52.8,30,1021.8,1018,16,24.6
"597",7,2015,"QLD",13.5,23.4,0.9,36.3,66.8,52.7,1022,1018.7,18.2,22.2
"598",7,2015,"SA",5.2,14.2,1.8,39.6,78.2,57.4,1023.8,1021.6,8.7,13.1
"599",7,2015,"TAS",4.4,12,0.79,48.4,70.1,54,1016,1014.3,7.1,11
"600",7,2015,"VIC",3.9,13.4,1.64,40.9,85.5,62.9,1022.6,1020.3,7.4,12.4
"601",7,2015,"WA",9,17.9,3.78,35.8,81.4,65.1,1023.9,1021.7,12.6,16.6
"602",7,2016,"ACT",2.2,12.7,2.29,41.5,87.4,63.9,1020.4,1018.1,6.4,11.8
"603",7,2016,"ACT ",2.1,12.6,2.08,34.6,85.9,61.4,1020.1,1017.7,6,11.8
"604",7,2016,"ISLAND",14.8,19.9,1.86,40.6,69.8,67.6,1019.7,1017.5,18,18.5
"605",7,2016,"NSW",7.9,17.3,2.37,36.5,75.8,57.8,1020.3,1017.8,11.8,16.3
"606",7,2016,"NT",10.2,24.2,0.23,36.3,60.2,34.1,1020.6,1017,15.4,23.1
"607",7,2016,"QLD",15.3,24.3,1.5,32.6,69.2,56.6,1019.5,1016.4,19.5,23.1
"608",7,2016,"SA",6.5,14.9,2.75,42.1,80.5,63.3,1020.4,1018,9.8,13.8
"609",7,2016,"TAS",6.2,13.2,2.55,62.4,68,56.8,1010.3,1008.6,9,11.7
"610",7,2016,"VIC",6.3,14.4,2.6,43.9,85.2,67.6,1018.6,1016.7,9.4,13.3
"611",7,2016,"WA",7.7,16.8,5.26,41.2,78.1,63.2,1020.5,1018.4,11.3,15.4
"612",8,2008,"ACT",0.3,12.8,0.57,43.8,69.9,48.8,1021.4,1018.9,6.4,11.2
"613",8,2008,"NT",19.6,32.6,0,43.1,47.1,30,1015.6,1011.5,24.1,31
"614",8,2008,"QLD",8.9,21.6,0.51,31.3,53.5,38.5,1022.4,1018.7,15.2,20.5
"615",8,2008,"SA",5.9,14.6,4.03,35.8,75.5,57.9,1027,1025.5,10,13.5
"616",8,2008,"TAS",4.6,13.7,1.25,42.2,70.3,52.7,1016.1,1014.3,8.1,12.2
"617",8,2008,"VIC",7.3,14.7,1.45,46.6,71.8,55,1021.5,1019.8,9.6,13.4
"618",8,2008,"WA",5.7,19.9,0.99,31.7,61.2,40.9,1026.7,1023.9,12.5,18.9
"619",8,2009,"ACT ",1.6,14.7,1.03,39.9,73.6,49.6,1017.5,1014.4,7.2,13.5
"620",8,2009,"ISLAND",14.3,18.9,1.13,43.1,77.6,72.9,1018.5,1016.6,16.7,17.6
"621",8,2009,"NSW",7.6,20.1,0.43,39.1,61.6,44.8,1018,1014.7,13.5,18.8
"622",8,2009,"NT",15.2,30.1,0.18,40.7,45.5,28.1,1017,1013.1,22.4,28.8
"623",8,2009,"QLD",14.4,26.5,0.13,33.7,62,50.8,1019,1015.5,21.2,24.6
"624",8,2009,"SA",7.9,17.9,1.88,46.9,70.6,50.9,1015.8,1013.4,12.1,16.9
"625",8,2009,"TAS",6.9,14.2,4.11,54.6,76,63.1,1007.1,1005.4,10,12.7
"626",8,2009,"VIC",6.4,16.9,1.69,51.6,73.7,51.9,1014.5,1012.1,10.6,15.8
"627",8,2009,"WA",8.9,18,4.4,42.4,81.9,62.1,1016.3,1014.6,13,16.6
"628",8,2010,"ACT",2.1,12.3,2.28,44.9,75.3,56,1016.6,1013.9,6.7,10.7
"629",8,2010,"ACT ",1.6,12.4,1.19,38.3,73.2,55.9,1017.1,1014.4,6.4,10.7
"630",8,2010,"ISLAND",14.7,19.1,5.49,44.7,71,67.5,1018.4,1016.2,17.2,17.9
"631",8,2010,"NSW",6.7,16.7,1.41,41.1,67.2,50,1017.8,1014.9,11.7,15.7
"632",8,2010,"NT",13.6,26.3,0.26,39.4,58.6,36.3,1017.9,1014.2,18.9,25.1
"633",8,2010,"QLD",14.8,24.5,2.46,35.3,61.5,51.8,1018.5,1015.1,19.9,23.2
"634",8,2010,"SA",6.2,14.5,3.21,46.7,77,58.4,1018.1,1016.2,9.8,13.3
"635",8,2010,"TAS",4.5,13.6,3.73,41.2,78.5,61.4,1011,1009,7.9,12.2
"636",8,2010,"VIC",5.3,14.2,2.82,46.7,79.2,59.8,1016.2,1013.9,9,13
"637",8,2010,"WA",6.7,18.1,2.49,34.7,73,54,1021.3,1018.8,12.3,17
"638",8,2011,"ACT",1.4,16.1,2.35,34.8,78.5,45.1,1023.6,1020.5,8,15
"639",8,2011,"ACT ",1.9,15.8,2.01,32.2,81.4,50.5,1023.3,1020.2,7.2,14.8
"640",8,2011,"ISLAND",13.8,18.2,7.87,50,72.9,73.3,1019.7,1017.7,16.5,16.8
"641",8,2011,"NSW",8.2,19.1,2.06,34.5,72.9,53.6,1022.2,1019.4,13.1,18
"642",8,2011,"NT",11.9,28.6,0,39.1,48.4,23.4,1019,1014.8,20.2,27.4
"643",8,2011,"QLD",13.6,24.6,1.71,37,62.9,52.2,1020.3,1017,19.6,22.9
"644",8,2011,"SA",7.8,17.7,2.41,39.4,73.2,51.9,1020.2,1018,12.3,16.7
"645",8,2011,"TAS",7.4,14.8,2.38,40.4,82.7,66.7,1020.2,1018.1,10,13.7
"646",8,2011,"VIC",6.2,17,1.76,36.5,81.8,59.2,1021.2,1019,10.8,15.9
"647",8,2011,"WA",9.2,18.9,4.59,42.5,75,57.9,1019.4,1017.4,14,17.5
"648",8,2012,"ACT",0.4,13.5,1.54,50.9,68.8,46,1017.9,1015.5,7,11.8
"649",8,2012,"ACT ",-0.5,13.5,0.89,41.3,73.1,49.3,1018.8,1016,5.9,12
"650",8,2012,"ISLAND",13.3,18.6,3.19,45,68.5,63.5,1018,1016,16.5,17.5
"651",8,2012,"NSW",6.2,18.5,0.65,41.5,59.9,41,1019.1,1016,11.9,17.2
"652",8,2012,"NT",11.1,28.1,0,38,45.2,24.2,1019.4,1015.1,19.4,26.7
"653",8,2012,"QLD",13,24.7,0.06,32.5,59.5,45.9,1020,1016.4,19.4,23.3
"654",8,2012,"SA",6.1,15.9,1.79,46.2,72.4,52.9,1019.8,1017.6,10.6,14.7
"655",8,2012,"TAS",4.5,13.8,2.06,43.2,78.7,61,1011.7,1009.8,8.1,12.4
"656",8,2012,"VIC",5.2,15.3,1.8,48,75.3,55.3,1017.5,1015.3,9.5,14.2
"657",8,2012,"WA",8.3,20,3.06,35.9,74.7,52.3,1020.6,1018.4,13.6,18.8
"658",8,2013,"ACT",2.4,14.8,0.87,46.3,78.1,52.1,1017.3,1014.8,8,13.3
"659",8,2013,"ACT ",2.9,14.6,0.96,39.7,72.9,49.9,1017.1,1014.6,8,13.4
"660",8,2013,"ISLAND",13.7,19,3.81,42,67.4,63.2,1016.7,1014.9,17,17.8
"661",8,2013,"NSW",7.9,19.7,0.69,39.7,61,43.4,1017.7,1014.7,13.5,18.5
"662",8,2013,"NT",11.6,29.8,0.02,36.5,45.8,23.2,1018.2,1014,20.2,28.5
"663",8,2013,"QLD",13.4,25.9,0.05,33.3,60.2,46.6,1018.9,1015.3,20.6,24.4
"664",8,2013,"SA",7.8,17.3,2.8,48.3,74.5,54.9,1016.5,1014.4,11.9,16.1
"665",8,2013,"TAS",5.1,14.1,4.58,50.3,76.5,60.6,1006.6,1004.6,8.8,12.7
"666",8,2013,"VIC",6.6,16.6,2.38,50.1,75.1,56.1,1014.7,1012.4,10.8,15.4
"667",8,2013,"WA",10.2,19.1,6.19,42,80.5,63.7,1017.5,1015.8,14.6,17.7
"668",8,2014,"ACT",-0.8,14.3,0.86,34.8,79.7,50.6,1028.2,1025.3,5.9,13
"669",8,2014,"ACT ",0,13.9,0.89,33.4,75.5,48,1028.1,1025.1,5.8,13.1
"670",8,2014,"ISLAND",13.8,18.4,4.58,43.1,71.8,69.2,1021.9,1019.8,16.5,17.2
"671",8,2014,"NSW",6.8,17.5,4.35,36.5,71.1,53.5,1026.4,1023.9,11.6,16.5
"672",8,2014,"NT",9.2,27.1,0,41.2,39.3,19.7,1021.7,1017.5,17.6,26
"673",8,2014,"QLD",14.3,24.3,2.95,40.2,63.3,52.8,1021,1017.9,19.8,22.6
"674",8,2014,"SA",5.2,16.8,0.69,34.4,66.7,44.8,1028.8,1026.5,10.7,15.7
"675",8,2014,"TAS",5.4,14.6,1.49,40.2,69.8,53.6,1025.1,1023.3,8.6,13.4
"676",8,2014,"VIC",4.9,15.9,2.07,34.6,82.9,57.8,1027.7,1025.5,9.3,14.8
"677",8,2014,"WA",10,20.1,3.79,38.7,74.5,55.8,1023,1021,14.3,19
"678",8,2015,"ACT",1.1,13.9,2.3,40.7,81.8,57.4,1021.8,1019.1,6.6,12.4
"679",8,2015,"ACT ",1.2,13.4,2.55,34.4,78.5,56.5,1020.8,1018,6.6,12.2
"680",8,2015,"ISLAND",13.4,18.9,1.81,40.2,64.1,62,1021.5,1019.4,16.7,17.5
"681",8,2015,"NSW",7.3,17.8,2.26,36.1,67.8,52.5,1021,1018.3,12.3,16.6
"682",8,2015,"NT",10.9,26.3,0.02,38.8,49.1,27.4,1021.2,1017.2,17.7,25
"683",8,2015,"QLD",14.1,25.1,0.7,32.8,62.7,52.8,1020.8,1017.4,20.2,23.4
"684",8,2015,"SA",6.7,15.7,1.5,39.1,75.8,55.4,1022.6,1020.5,10.6,14.4
"685",8,2015,"TAS",3.7,12.4,2.06,49,69.8,55.2,1016.2,1014.8,6.8,10.9
"686",8,2015,"VIC",5.2,14.9,1.19,39.7,82.2,59.1,1021,1018.9,9.3,13.8
"687",8,2015,"WA",8.8,18.4,3.79,37.4,79.8,60.1,1022.2,1020.1,13.1,17.2
"688",8,2016,"ACT",1.1,14.3,1.49,37.7,82,52.6,1023,1020.2,7,13
"689",8,2016,"ACT ",1.3,14.2,1.23,32.9,80.2,49.6,1022.8,1019.8,6.7,13.2
"690",8,2016,"ISLAND",13.5,18.8,3.52,42.6,68,64.2,1019.5,1017.5,17.1,17.5
"691",8,2016,"NSW",7.6,18.3,2.93,35.9,71.1,54.4,1022.5,1019.7,12.6,17.1
"692",8,2016,"NT",11,25.9,0.53,40.4,52,29,1018.5,1014.7,17.4,24.7
"693",8,2016,"QLD",14.8,24.6,1.3,36.1,66.5,55.8,1020.2,1017,19.8,23
"694",8,2016,"SA",6.3,17,1.9,40.7,70.8,50.8,1020.8,1018.5,11.2,15.7
"695",8,2016,"TAS",5.6,14.2,0.49,49,64.8,50.3,1015.5,1013.5,8.9,13
"696",8,2016,"VIC",5.8,15.8,1.87,38.9,81.3,59.2,1020.9,1018.5,9.8,14.7
"697",8,2016,"WA",7.7,16.7,5.23,42.3,78.8,61.5,1018.1,1016.1,11.8,15.4
"698",9,2008,"ACT",3.9,18,1.36,44.9,60.7,35.7,1020.5,1017.2,11.3,17
"699",9,2008,"NT",23.2,33.3,0.17,37.5,66.9,48.9,1013.8,1009.8,27.9,31.3
"700",9,2008,"QLD",14.5,24.6,1.85,31.7,64.2,57.5,1020.4,1016.8,20.4,22.6
"701",9,2008,"SA",9.5,20.2,0.62,39.8,51.4,37.1,1019.8,1017.6,15.2,19.2
"702",9,2008,"TAS",7.1,16.2,0.96,61.3,53.7,44.5,1010.5,1009.3,11.6,14.2
"703",9,2008,"VIC",9.7,19.4,0.4,55.2,53.6,39,1018.4,1015.9,13.2,17.8
"704",9,2008,"WA",9.6,20.4,2.61,38.9,65.4,52.5,1018.2,1016.3,15.6,19
"705",9,2009,"ACT ",3.8,17.6,2.19,39.8,68.4,46.1,1014.8,1011.7,10.7,16.5
"706",9,2009,"ISLAND",15.1,19.3,3.91,48.2,72.3,70.4,1019,1016.8,17.5,18
"707",9,2009,"NSW",9.6,22.3,0.85,43.3,56,43.5,1015.9,1012.6,16.4,20.6
"708",9,2009,"NT",19.1,31.7,0.67,42.8,45.5,32.1,1015.4,1011,25.1,30.3
"709",9,2009,"QLD",16.6,27.9,0.36,35.3,55,47.6,1017.6,1013.8,23.5,26
"710",9,2009,"SA",8.8,19.4,2.21,48,60.3,45.6,1014.5,1012.1,14.2,17.8
"711",9,2009,"TAS",6.6,15.8,3.48,50.3,72.2,59.8,1008.5,1006.7,11.1,14.1
"712",9,2009,"VIC",7.4,18.8,2.08,49.6,66.2,49.6,1013.6,1011,12.9,17.3
"713",9,2009,"WA",8.8,17.4,4.04,46.7,71.2,59.4,1017.1,1015.4,13.3,15.6
"714",9,2010,"ACT",4,16.3,2.13,45.4,69.1,47.1,1019.2,1016.4,10.4,14.9
"715",9,2010,"ACT ",3.6,16.9,3.52,38.7,67.1,47.2,1018.9,1015.7,10.3,15.7
"716",9,2010,"ISLAND",15.2,20,3.09,40.6,70.8,70.5,1021,1019,18.1,18.7
"717",9,2010,"NSW",9.6,20.1,1.81,39.5,66.6,54,1019.4,1016.5,15.2,18.6
"718",9,2010,"NT",17.1,28.2,1.48,41.4,65,48.2,1016.3,1012.6,22.1,26.6
"719",9,2010,"QLD",19.1,27,3.12,34.3,68.7,62.4,1018.4,1015.2,23.4,25.1
"720",9,2010,"SA",8,16.6,2.31,41.5,71.2,56.9,1021,1018.8,12.2,15.2
"721",9,2010,"TAS",5.8,15,2.87,48.8,68,54.1,1012,1011,10.3,13.3
"722",9,2010,"VIC",6.9,16.4,1.97,43.1,73.6,58.3,1019.4,1017.2,11.7,15.1
"723",9,2010,"WA",8.1,20.6,1.57,39.3,62,46.1,1024,1021.3,14.7,19.4
"724",9,2011,"ACT",1.8,18.3,1.26,50.1,61.4,40.9,1019,1016.1,11.3,16.5
"725",9,2011,"ACT ",2.7,17.9,1.35,40.5,64.7,45.4,1019.1,1015.8,10.7,16.2
"726",9,2011,"ISLAND",13.7,19,4.82,43.7,67.4,65.9,1019.2,1017.1,17,17.7
"727",9,2011,"NSW",9.7,21.5,2.15,43.2,59.1,46.7,1019.5,1016.3,16,19.8
"728",9,2011,"NT",15.3,30.5,0.06,40.3,43,28.4,1017.2,1012.9,23.3,29.2
"729",9,2011,"QLD",15.2,26.1,0.43,37.5,56.6,50.1,1019.8,1016,21.8,24.1
"730",9,2011,"SA",8.6,20.6,1.04,45.2,55.1,42.6,1019,1016.3,14.8,19.1
"731",9,2011,"TAS",6.1,16.5,1.28,45.4,68,52.1,1013.2,1011.6,11.1,14.9
"732",9,2011,"VIC",7,19.1,2.22,47.1,68.3,48.9,1018.2,1015.5,13,17.6
"733",9,2011,"WA",8.9,19.3,3.65,41.7,71,55.4,1021.4,1019.4,14.5,17.8
"734",9,2012,"ACT",2,18.2,1.31,47.8,66.5,40.4,1017.8,1014.5,10.3,16.7
"735",9,2012,"ACT ",2.6,18,1.35,39.1,66.3,43.5,1017.8,1014.7,10,16.7
"736",9,2012,"ISLAND",14.1,18.9,2.23,42,67.3,65.2,1019.5,1017.3,16.8,17.4
"737",9,2012,"NSW",9,21.9,0.69,41.4,55.7,42.9,1018.2,1015,16.1,20.2
"738",9,2012,"NT",15.8,31.6,0.42,38.7,45.3,27.2,1016.6,1012.2,24.1,30
"739",9,2012,"QLD",16.1,26.7,0.32,34.9,58.9,53.6,1018.9,1015.1,22.6,24.7
"740",9,2012,"SA",8,19.9,0.93,46.4,57,42.1,1018.1,1015.5,14.2,18.5
"741",9,2012,"TAS",6.4,16.1,2.67,48.7,69.1,57.7,1010.8,1008.8,11.2,14.2
"742",9,2012,"VIC",6.8,18.9,1.27,45.8,68.7,50.5,1016.7,1014.2,12.8,17.4
"743",9,2012,"WA",9.2,21.5,3.14,45.4,62.6,48.3,1017.6,1015.5,16,20.1
"744",9,2013,"ACT",4,19.9,3.03,44.7,66.8,45.3,1016.9,1014.1,12.8,18.4
"745",9,2013,"ACT ",4.7,19.7,3.59,37.4,66.6,44.9,1016.4,1013.5,12.4,18.2
"746",9,2013,"ISLAND",14.5,19.4,2.22,45.5,70.5,69.6,1018.8,1016.7,17.6,18.1
"747",9,2013,"NSW",11.3,24,1.32,41.7,57.2,43.4,1017,1013.5,17.9,22.4
"748",9,2013,"NT",17.4,34.1,0.01,41.6,40.5,23.3,1015.1,1010.5,25.8,32.9
"749",9,2013,"QLD",17,27.7,0.78,37.5,61.1,54.5,1018.2,1014.5,23.7,25.8
"750",9,2013,"SA",10.8,22.4,1.14,48,59.2,44.6,1015.2,1012.4,16.6,21
"751",9,2013,"TAS",7.6,16.8,2.05,43.8,71,54.8,1011.4,1009.4,11.6,15.3
"752",9,2013,"VIC",8.8,20.5,1.99,47.3,69.8,51.8,1015.4,1013,14.4,19
"753",9,2013,"WA",10.6,19.1,7.18,49.2,72.5,64.4,1014.3,1013,15.5,17.2
"754",9,2014,"ACT",2.7,17.9,0.96,41.6,70.3,48.8,1021.1,1017.9,11.3,16.3
"755",9,2014,"ACT ",3.6,17.8,0.97,37.4,65.2,45.8,1020.7,1017.3,11.2,16.7
"756",9,2014,"ISLAND",14.6,19.4,1.32,40.6,70.4,65,1018.4,1016.3,17.4,18.2
"757",9,2014,"NSW",9.7,21.3,1.32,41.2,62,45.9,1020.5,1017.2,15.7,19.9
"758",9,2014,"NT",15,32.7,0,39.9,41.3,23.4,1017.4,1012.8,23.8,31.4
"759",9,2014,"QLD",15.5,26.3,0.91,36.7,58.2,51.3,1019.7,1016,22.3,24.6
"760",9,2014,"SA",8.6,20.6,0.66,43.8,57.1,38.5,1020.6,1018,15.1,19.4
"761",9,2014,"TAS",7.8,18.1,0.67,50.9,54.5,46.2,1014.7,1012.9,12.8,15.7
"762",9,2014,"VIC",7.2,19.3,1.38,42.1,71.9,50.2,1020.2,1017.5,13.2,18.1
"763",9,2014,"WA",10.1,20.8,2.58,39.3,71.2,56.7,1018.6,1016.6,15.7,19.5
"764",9,2015,"ACT",1.5,17.2,0.47,40.5,70.1,46.2,1023.5,1020.5,10.3,15.9
"765",9,2015,"ACT ",2.4,17.2,0.34,37.4,67.2,43.6,1023.4,1020.2,10.2,16.1
"766",9,2015,"ISLAND",14.4,19.4,3.17,42.1,64.9,64.2,1019.1,1017.3,17.3,18
"767",9,2015,"NSW",9.2,20.5,1.93,40.8,63.9,50.7,1023,1020.1,15.3,19.1
"768",9,2015,"NT",12.7,29,0.04,39.1,38.4,22,1020.5,1016.1,21.1,27.7
"769",9,2015,"QLD",15.8,26.4,0.96,38.6,58.2,52.6,1020.5,1017,22.4,24.3
"770",9,2015,"SA",7.3,18.9,1.21,38.3,59.5,44.9,1024.3,1021.9,13.7,17.7
"771",9,2015,"TAS",7.4,16.2,0.83,39.9,63.8,55.2,1020.4,1018.4,11.4,14.2
"772",9,2015,"VIC",6.2,18.3,1.37,38.4,73.6,51.8,1023.7,1021.3,12.3,17
"773",9,2015,"WA",9.1,20.9,2.02,39.8,64.1,49.6,1023.2,1021.2,15.4,19.4
"774",9,2016,"ACT",4.8,15.8,4.97,41.6,78.9,62.4,1015.5,1013.1,10.4,14.3
"775",9,2016,"ACT ",4.9,15.8,5.06,33.2,77.4,59.1,1015.3,1012.8,10.5,14.6
"776",9,2016,"ISLAND",15.1,20.2,2.6,41.9,71.6,67,1019.2,1016.9,18.1,18.6
"777",9,2016,"NSW",10.6,19.9,3.1,38.8,70.3,58.7,1016.1,1013.3,15.4,18.5
"778",9,2016,"NT",15,27.6,1.44,41.1,56.5,40,1015.6,1011.6,20.6,26.2
"779",9,2016,"QLD",18.1,26.6,1.94,36,66.7,60,1017.6,1014.2,23.1,25
"780",9,2016,"SA",7.5,17.1,3.75,41.8,70.1,57.2,1015.6,1013.2,12.5,15.7
"781",9,2016,"TAS",8,16.2,3.14,39.2,69.3,55.6,1012.2,1010.2,12.1,14.9
"782",9,2016,"VIC",7.9,17,3.37,40.4,79.3,62.6,1014.9,1012.4,12.2,15.7
"783",9,2016,"WA",7.3,17.4,3.11,43.1,70.9,58.7,1019.8,1017.5,12.7,15.7
"784",10,2008,"ACT",7.2,23,1.08,47.5,62.8,31.1,1020.9,1017.5,13.5,21.7
"785",10,2008,"NT",25.1,34.4,3.77,42.5,66.8,49.6,1013.1,1008.9,29.3,32.8
"786",10,2008,"QLD",14.6,24.8,1.89,31.2,56.7,51.9,1022.1,1018.5,21.3,23
"787",10,2008,"SA",12.3,25.1,0.19,36.8,45.5,29.3,1021.2,1019.1,17.8,24
"788",10,2008,"TAS",9.1,19.4,0.73,52,56.4,43.2,1013.7,1012.6,13.5,16.9
"789",10,2008,"VIC",11.6,22.1,0.46,50.4,54.6,38.7,1020.3,1018.3,15.3,20.6
"790",10,2008,"WA",12.1,24,1.24,37.8,58.5,47.2,1019.4,1017.5,18.6,22
"791",10,2009,"ACT ",6.8,18.8,2.43,38.5,71.7,50.3,1019.3,1016.6,11.4,17.3
"792",10,2009,"ISLAND",14.6,20,0.99,42.1,62,61.1,1018.9,1017,18,18.6
"793",10,2009,"NSW",11.7,23.7,1.94,45.4,60.1,46.1,1018.7,1016,17.3,21.9
"794",10,2009,"NT",18.9,32.8,0.54,42.6,40.3,27.2,1015.9,1011.5,26.5,31.4
"795",10,2009,"QLD",18.1,28.8,0.9,40.5,50.9,50.3,1018,1014.5,25.4,26.5
"796",10,2009,"SA",9.8,21.6,1.16,42.7,60.1,41.4,1020.9,1019.1,14.9,20.2
"797",10,2009,"TAS",6.8,17,1.64,40.8,69.3,53.2,1018.6,1017.1,11,15.3
"798",10,2009,"VIC",8.6,19.8,1.23,43.3,70.9,51.2,1019.7,1018,13.4,18.3
"799",10,2009,"WA",10.9,22,0.58,40.4,64,54.5,1020.1,1018,16.9,20.4
"800",10,2010,"ACT",7.2,19.6,3.32,40.6,75.5,52,1021,1018.3,12.8,18.4
"801",10,2010,"ACT ",8,19.7,4.89,34,75.4,52.5,1020.7,1017.8,12.9,18.5
"802",10,2010,"ISLAND",15.7,20.2,1.35,48.5,70.1,68.2,1021.7,1019.9,18.2,18.7
"803",10,2010,"NSW",12.8,22.3,4.43,41.1,72.7,58.4,1020.1,1017.7,17,20.8
"804",10,2010,"NT",18.4,30,3.67,40,59.5,47.4,1014.2,1010.5,24.2,28.1
"805",10,2010,"QLD",19,26.9,7.39,38.2,67.6,64.2,1017.7,1014.6,23.9,25
"806",10,2010,"SA",9.8,21.3,1.28,41,60.5,43.7,1020.1,1018.2,15,19.6
"807",10,2010,"TAS",8,18.6,1.57,43.3,70.2,53,1017.5,1015.2,12.2,17.1
"808",10,2010,"VIC",8.9,20.3,3.12,41.8,75.1,54.4,1019.9,1017.9,13.7,18.8
"809",10,2010,"WA",9.3,23.1,0.94,41.2,51.9,43.2,1020.2,1017.9,17.7,21.3
"810",10,2011,"ACT",5.5,21,0.47,39.9,69.1,41.9,1019.7,1017.1,12.3,19.4
"811",10,2011,"ACT ",6.5,20.3,1.32,35.4,70.6,46.2,1018.9,1016,12.2,19
"812",10,2011,"ISLAND",15.6,20.4,0.94,44.2,71.7,69.3,1018,1016.1,18.5,19.2
"813",10,2011,"NSW",12.3,22.7,2.1,38.3,69.9,52.6,1018.5,1016.1,16.8,21.3
"814",10,2011,"NT",19.9,32.3,2.48,42,54.4,37.6,1013.8,1009.6,25.8,31.1
"815",10,2011,"QLD",18.7,27.6,5,38.1,62.9,58,1016.5,1013.1,24.2,25.6
"816",10,2011,"SA",11.1,22,1.23,40.9,62.8,45.8,1018.7,1016.8,15.5,20.3
"817",10,2011,"TAS",7.4,17.8,1.69,38,71.8,52.2,1017.5,1015.8,11.6,16.4
"818",10,2011,"VIC",9.3,20.7,2.05,39.6,74.3,53.7,1018.9,1017.2,13.9,19.1
"819",10,2011,"WA",11.7,22.5,2.52,39.9,66.6,53.2,1016.8,1014.8,17.5,21
"820",10,2012,"ACT",3.5,20.8,2.23,45,64.9,36.8,1018.1,1015.2,12.3,19.7
"821",10,2012,"ACT ",4.1,20.9,1.89,39,64.5,38.5,1018.5,1015.4,12,19.8
"822",10,2012,"ISLAND",15.2,20.2,3.08,40.8,68.2,65.5,1018.1,1016.4,18.2,18.8
"823",10,2012,"NSW",11.2,24.2,1.05,41.8,57.8,42.4,1018.6,1015.8,17.2,22.2
"824",10,2012,"NT",19,33.8,0.28,39.8,42,29.4,1014.8,1010.4,27.4,32.3
"825",10,2012,"QLD",17.7,28.1,0.56,41,56.1,53.6,1017.9,1014.3,24.4,25.8
"826",10,2012,"SA",9.5,23.4,0.56,43.4,52.2,34.5,1020.1,1017.7,15.9,21.8
"827",10,2012,"TAS",7.1,18.1,0.66,41.2,68.5,50.9,1014.6,1012.4,11.9,16.5
"828",10,2012,"VIC",8,21.2,0.92,42.5,67.6,46.5,1018.9,1016.8,14,19.6
"829",10,2012,"WA",11.1,23.6,1.04,42.1,56.8,49.8,1018.4,1016.5,18.6,21.3
"830",10,2013,"ACT",3.8,21.9,0.43,50.7,59.5,35.6,1016,1013.4,12.9,20.1
"831",10,2013,"ACT ",4.4,21.8,0.4,42.1,55.1,34.2,1015.6,1012.9,12.8,20.3
"832",10,2013,"ISLAND",15.1,20.8,0.86,38.2,65.7,62.2,1021.5,1019.7,18.8,19.3
"833",10,2013,"NSW",12.1,25.7,0.68,47.9,51.5,37,1016.3,1013.3,18.4,23.7
"834",10,2013,"NT",19.6,35,0.92,42.7,40.2,27.3,1015.1,1010.5,26.9,33.4
"835",10,2013,"QLD",19.4,29.2,0.7,38.7,57.1,54.8,1017.2,1013.7,25.6,26.8
"836",10,2013,"SA",10,21.9,1.53,49.6,55.9,38.2,1017.5,1015.9,15.2,20.4
"837",10,2013,"TAS",8.2,17.6,3.11,53.6,64.7,50.7,1008,1006.6,12.4,15.9
"838",10,2013,"VIC",8.7,20.9,1.78,50.3,66.3,48.5,1015.5,1014.1,13.8,19.1
"839",10,2013,"WA",11,22.7,1.41,41.4,64.2,53.4,1019.1,1017.1,17.7,20.9
"840",10,2014,"ACT",5.5,22.6,1.78,45.9,66.4,40.8,1018.6,1015.6,13.5,21.2
"841",10,2014,"ACT ",7.1,22.3,1.31,40.2,63,42.5,1018.6,1015.5,13.5,20.8
"842",10,2014,"ISLAND",15,20.4,1.96,36.7,66.8,64.4,1020.1,1018.3,18.3,19
"843",10,2014,"NSW",12.9,25.7,1.84,44.4,58.1,41.4,1018.4,1015.5,18.3,23.9
"844",10,2014,"NT",19.5,35.7,0.14,41.8,36,21.9,1015.4,1010.7,27.9,34.4
"845",10,2014,"QLD",18.2,28.4,0.2,39.2,54.6,51.3,1018.5,1014.9,24.9,26.3
"846",10,2014,"SA",10.8,26,0.3,43.2,50.6,31.7,1018.8,1016.5,17.4,24.3
"847",10,2014,"TAS",8.8,18.4,1.71,54.2,60.8,46.4,1013.8,1011.9,12.4,16.6
"848",10,2014,"VIC",9.3,23.2,1.02,44.8,69.2,43.6,1018.2,1015.9,14.7,21.5
"849",10,2014,"WA",11.2,23.1,1.42,39.2,64.1,53.4,1018.1,1016,18.1,21.4
"850",10,2015,"ACT",8.4,24.8,0.95,42.1,69.4,40.9,1025,1022.1,15.6,23.4
"851",10,2015,"ACT ",9,24.8,1.05,37.8,67.9,38.9,1024.4,1021.2,15.2,23.4
"852",10,2015,"ISLAND",15.2,20.3,1.17,39.9,64.6,62.3,1024.2,1022.2,18.4,18.9
"853",10,2015,"NSW",15.2,26.9,0.93,41.6,61.2,47.6,1023.9,1021.1,20.4,25.1
"854",10,2015,"NT",19.6,35.4,0.47,43.2,31.4,20.7,1018,1013.4,28.4,34
"855",10,2015,"QLD",18.4,27.9,1.23,39.4,61.6,56.8,1022.7,1019.4,24.6,25.9
"856",10,2015,"SA",12.6,27.6,0.18,40.7,50,31.7,1022.1,1019.9,18.6,25.9
"857",10,2015,"TAS",8.8,19.7,0.46,51.3,58,42.3,1020.6,1018.6,13.4,18.3
"858",10,2015,"VIC",10.4,25.8,0.5,41.3,64.7,40.1,1023.1,1020.7,16.6,24.1
"859",10,2015,"WA",12.1,25.1,1.21,38.8,62.7,50.5,1019.6,1017.4,19.4,22.9
"860",10,2016,"ACT",5.2,18.5,1.41,49,69.4,51.9,1015.5,1013.2,11.6,16.7
"861",10,2016,"ACT ",5.9,18.8,1.39,41.7,65.6,45.5,1015.9,1013.3,11.5,17.4
"862",10,2016,"ISLAND",15,21,1.25,37.5,61.4,62.2,1018.2,1016.2,19.3,19.5
"863",10,2016,"NSW",11.5,23,1.29,46.3,60.4,47,1016.4,1013.7,16.8,21.2
"864",10,2016,"NT",16.3,31.7,1.46,42,39.4,28.1,1015.2,1011.1,24.6,30.2
"865",10,2016,"QLD",18.5,28.3,0.77,37.6,55.8,53.4,1017.4,1014,24.9,26.2
"866",10,2016,"SA",9,21,1.62,49.4,59.4,43.4,1015.4,1014,14.4,19.4
"867",10,2016,"TAS",8,17.2,2.69,61.5,59.3,47.6,1006.4,1004.9,11.8,15.5
"868",10,2016,"VIC",8.2,19.8,2.28,49.6,69.5,51,1014.3,1012.6,13.1,18
"869",10,2016,"WA",9.5,20.5,1.93,44.7,63,53.2,1017.7,1016,16.2,18.9
"870",11,2007,"ACT",11.8,25.1,3.18,41.3,69.3,42.2,1018.5,1015.5,16.8,23.7
"871",11,2008,"ACT",10.6,23.5,2.91,45.4,61.1,36.1,1011.5,1008.9,15.5,22
"872",11,2008,"NT",26.2,34.4,1.95,36.4,69.2,53.4,1010.1,1006.3,30.1,33.1
"873",11,2008,"QLD",19.3,28.2,10.89,37.1,64.8,60,1012.8,1009.7,24.1,26
"874",11,2008,"SA",14.2,24.6,0.49,42.1,52.7,35.4,1012.9,1011.2,18.5,23.1
"875",11,2008,"TAS",9.5,18.2,2.45,50.5,61.8,56.7,1010,1008.3,13.5,16.1
"876",11,2008,"VIC",12.6,23,1.81,50.6,61.7,44.5,1012.2,1010,15.9,21.2
"877",11,2008,"WA",12.4,23.6,1.93,38.6,61.6,46.5,1014.2,1012.4,17.8,22
"878",11,2009,"ACT ",12.5,28.6,0.44,42.9,60.6,34.8,1016.6,1013.5,18.7,26.9
"879",11,2009,"ISLAND",16.2,21.9,0.27,35.1,65.7,63.9,1019.7,1018.1,19.7,20.4
"880",11,2009,"NSW",17.7,29.8,1.49,45.6,59.6,45,1015.7,1012.7,22.9,27.9
"881",11,2009,"NT",22.1,34.7,2.26,44.3,44.8,33.4,1011.9,1007.9,29.1,33.4
"882",11,2009,"QLD",20.7,29.7,2.65,38.8,60.1,58.8,1015.7,1012.6,26.6,27.4
"883",11,2009,"SA",15.8,29.9,1.52,45.7,49.7,32.3,1015.7,1013.6,22.2,28.2
"884",11,2009,"TAS",11.3,21.2,2.08,44.5,71.6,57.5,1014.2,1012.6,15.3,19.5
"885",11,2009,"VIC",14,27.6,2.41,43.7,63.6,43.4,1015.8,1014,19.7,25.7
"886",11,2009,"WA",12.3,25.2,1.38,42.7,56.6,48.3,1016.3,1014.3,19.8,23.2
"887",11,2010,"ACT",9.4,22.2,4.48,37.8,71.6,52,1019.1,1016.7,15.8,20.8
"888",11,2010,"ACT ",10,22.7,3.88,33.8,72,52.7,1018.7,1016,16.2,21.4
"889",11,2010,"ISLAND",16.4,21.1,1.6,45,69.3,66.2,1020.1,1018.6,19,19.6
"890",11,2010,"NSW",15.4,24.5,4.71,42.2,71.3,58.9,1018.4,1016.1,19.6,22.8
"891",11,2010,"NT",19.6,31.6,4.53,42.5,55.4,44.8,1012,1008.5,26.6,30
"892",11,2010,"QLD",20.7,28.1,4.13,36.5,68.2,64.2,1015.6,1012.9,25.3,26.3
"893",11,2010,"SA",12.3,24.2,0.83,40.1,60,41.4,1017.9,1015.9,17.3,22.4
"894",11,2010,"TAS",9.9,19.8,2.48,39.4,67.4,58.3,1017.2,1015.5,14.4,17.8
"895",11,2010,"VIC",11.7,22.9,3.14,41.2,71.7,55,1018.2,1016.2,16.6,21.2
"896",11,2010,"WA",13.4,27.6,0.69,43.7,47.7,42.2,1016.7,1014.4,21.9,25.2
"897",11,2011,"ACT",10.2,25.4,4.04,48,69.6,39.8,1015.8,1013.5,16.9,23.4
"898",11,2011,"ACT ",11,25,6.34,39,73,46.4,1015.4,1012.9,16.8,23.3
"899",11,2011,"ISLAND",16.3,22.3,0.71,34.2,66.3,63.8,1019.3,1017.8,20.1,20.9
"900",11,2011,"NSW",16.5,26.8,4.71,42.9,69.4,54.8,1015.6,1013.3,20.9,24.8
"901",11,2011,"NT",21.1,32.8,3.3,40,56.2,43.5,1011.6,1007.8,27.3,31.2
"902",11,2011,"QLD",21.5,29.5,1.27,35.2,63.3,59.4,1015.5,1012.5,26.6,27.7
"903",11,2011,"SA",13.2,26.7,1.35,45.6,57.1,35.4,1015.4,1013.2,19,25
"904",11,2011,"TAS",10.4,20.8,2.98,45.1,66.7,53.4,1011.8,1009.9,14.6,19.1
"905",11,2011,"VIC",12.7,24.6,3.53,43.8,72.3,51.4,1014.9,1013.2,17.4,22.9
"906",11,2011,"WA",13.2,24.8,1.4,45,54.1,48.9,1015.5,1013.5,20.2,22.8
"907",11,2012,"ACT",9.3,25.5,0.99,43.4,67.4,37.3,1016.6,1013.8,15.7,23.6
"908",11,2012,"ACT ",10.2,25.3,1.31,36.2,65.9,38.1,1016.5,1013.5,16.2,23.6
"909",11,2012,"ISLAND",15.7,21.3,3.26,37.4,68.5,64.1,1018,1016.6,19,19.9
"910",11,2012,"NSW",15.7,26.5,2.2,42.8,62.2,49,1016.6,1014,20.4,24.6
"911",11,2012,"NT",22.8,35.3,2.01,42.1,48.1,37.2,1011.8,1007.9,29.4,33.5
"912",11,2012,"QLD",20.6,29.4,1.68,37.6,60.8,57.2,1015.7,1012.7,26.3,27.3
"913",11,2012,"SA",13.2,27.9,0.48,45.8,47.1,26.9,1016.1,1013.9,19.4,26.4
"914",11,2012,"TAS",9.9,21,1.4,39.5,67,52.4,1015,1013.4,15,18.8
"915",11,2012,"VIC",11.6,24.5,1.03,42.1,66.3,45.1,1016.4,1014.7,17.2,22.8
"916",11,2012,"WA",12.1,24.6,2.39,43.7,57.7,50.4,1014.1,1012.3,19.7,22.3
"917",11,2013,"ACT",6.7,23.8,3.52,46.6,61.5,37.3,1014.7,1012.1,14.9,21.8
"918",11,2013,"ACT ",7.3,23.6,2.86,40.3,59.5,36.2,1014.1,1011.4,14.9,21.9
"919",11,2013,"ISLAND",16.6,22,3.58,39.2,70.5,67.2,1014.8,1013.5,19.7,20.7
"920",11,2013,"NSW",14.4,26.1,4.9,45.7,57.6,45.9,1014.4,1011.9,19.9,24.1
"921",11,2013,"NT",21.6,35.4,4.41,47.6,47.4,36.1,1010.6,1006.3,28.2,33.6
"922",11,2013,"QLD",20.6,29.1,4.22,38.5,62.6,62.5,1013.3,1010.1,26.2,27.1
"923",11,2013,"SA",11.4,25,0.48,43.3,49.7,32.8,1017.1,1015.1,17.4,23.3
"924",11,2013,"TAS",9.4,18.2,3.75,41.6,69,58.8,1016,1014.6,13.3,16.6
"925",11,2013,"VIC",10.4,22.5,2.77,43.3,67.5,50.4,1016.3,1014.7,15.6,20.7
"926",11,2013,"WA",14,27.4,0.72,45.8,54.2,45.1,1014.3,1012,21.1,25.1
"927",11,2014,"ACT",10.2,27.8,0.81,46.2,59.5,30.6,1016.2,1013.1,17.3,26
"928",11,2014,"ACT ",10.6,27.4,1.24,38.1,57,31.6,1016.2,1012.9,17.2,25.8
"929",11,2014,"ISLAND",16.1,21.9,1.31,38.3,63.4,62.1,1019.2,1017.6,19.9,20.4
"930",11,2014,"NSW",16.3,28.3,1.08,44.4,56.4,41.6,1016.1,1013.3,21.3,26.4
"931",11,2014,"NT",22.6,36.5,2.34,42.8,45.2,32.3,1012.8,1008.5,29.2,35
"932",11,2014,"QLD",21.6,30.1,1.71,36.9,60.3,57.2,1016.2,1013,27.1,27.9
"933",11,2014,"SA",12.6,27.5,0.76,43.2,46.6,29.2,1016.8,1014.7,19.2,25.8
"934",11,2014,"TAS",10.3,19.4,1.16,50.4,53.5,48,1012.1,1011.1,14.1,17.2
"935",11,2014,"VIC",11.1,25.4,1.47,44,61.9,40.6,1016.9,1014.8,17,23.5
"936",11,2014,"WA",12.3,24.6,1.17,40.9,58.3,51.5,1016.2,1014.3,19.6,22.2
"937",11,2015,"ACT",10.9,25.6,2.03,43.9,66.1,40.5,1015.2,1012.4,17.4,24.1
"938",11,2015,"ACT ",11.5,24.4,3.79,38.6,68.4,46,1014.8,1012,16.7,22.7
"939",11,2015,"ISLAND",16.9,22.6,1.43,35.9,68.7,68.2,1018.2,1016.5,20.8,21
"940",11,2015,"NSW",16.5,27.9,3.24,43.1,64.7,49.7,1014.8,1012.1,21.6,26.1
"941",11,2015,"NT",22.1,36.6,1.23,43.7,35.1,25.4,1012.7,1008.5,29.6,35
"942",11,2015,"QLD",21.9,29.9,2.18,37.2,64.5,63.4,1014.8,1011.5,27,27.8
"943",11,2015,"SA",13.1,27.1,0.63,42.3,52.9,34.7,1015.9,1013.8,19.2,25
"944",11,2015,"TAS",10.8,20.5,1.35,50.2,56.7,44.9,1011.9,1010,14.9,18.6
"945",11,2015,"VIC",11.6,25,1.38,43.7,66.3,45.3,1015.6,1013.4,17.1,23.1
"946",11,2015,"WA",13.9,26.9,0.59,41.7,56.9,47.7,1016.3,1014.3,21.2,24.6
"947",11,2016,"ACT",8.3,25.4,1.79,47.8,62.7,35.4,1013.9,1011.2,16.3,24.2
"948",11,2016,"ACT ",9.2,24.9,1.78,41.4,62.5,37,1012.5,1009.7,16.1,23.3
"949",11,2016,"ISLAND",16.7,22,7.82,46.9,69,69.4,1016.7,1014.9,20.6,20.5
"950",11,2016,"NSW",14.7,26.7,1.37,43.1,58.8,45.9,1013.6,1011.1,20.5,24.9
"951",11,2016,"NT",20.2,34.9,2.41,44,39.6,29.5,1012,1008,27.8,33.1
"952",11,2016,"QLD",21,30.5,0.55,36.3,57.4,57,1014,1010.8,27.4,28.1
"953",11,2016,"SA",10.9,25,0.62,42,57,39.7,1015.4,1013.5,17.3,23.3
"954",11,2016,"TAS",10.1,18.6,2.17,51.6,59,50.8,1008.7,1007.5,13.8,17
"955",11,2016,"VIC",10.5,23,1.46,43,69,49.2,1013.9,1012.2,15.7,21.1
"956",11,2016,"WA",11.6,25.9,0.49,40.3,50.9,45.8,1016.8,1014.6,20.4,23.6
"957",12,2007,"ACT",13.3,25.1,3.26,40.6,69.8,49.3,1015.1,1012.7,17.8,23.2
"958",12,2008,"ACT",11.9,25.3,3.9,48.9,59.3,37.4,1009.3,1007,17.4,23.3
"959",12,2008,"ACT ",12.2,24.9,3.39,43.9,59.3,40,1008.7,1006.3,17.4,23.1
"960",12,2008,"NSW",15.3,25.7,2.6,46.8,63,52.7,1009.6,1007.5,19.9,23.5
"961",12,2008,"NT",23.1,33.4,6.33,41.5,58.3,50.4,1008.7,1005.5,28.4,31.4
"962",12,2008,"QLD",22.8,31.1,4.54,37.7,64.3,62.2,1011,1008,28,29.1
"963",12,2008,"SA",13,22.9,2.56,41.1,61.9,46.4,1011.5,1010,17.2,21.6
"964",12,2008,"TAS",9.9,20.5,1.51,48,61.2,50.3,1007,1005.3,14.6,18.6
"965",12,2008,"VIC",11,23.2,2.35,46.2,63.6,42.1,1010,1008.4,15.7,21.4
"966",12,2008,"WA",15.1,26.8,0.41,39.9,60.4,43.4,1012.9,1011.2,19.8,25.4
"967",12,2009,"ACT ",12.6,29.2,3.39,41.2,59.6,30.1,1015.6,1012.1,19,27.8
"968",12,2009,"ISLAND",18,24.6,0.51,36.7,64.4,60.6,1019.5,1018.4,22.3,22.9
"969",12,2009,"NSW",17.7,29.1,2.28,45.5,61.1,47.5,1015.7,1013.2,22.7,27.2
"970",12,2009,"NT",22.8,34.2,7.8,44,51.5,41.5,1010.8,1007.4,28.6,32.8
"971",12,2009,"QLD",22.8,30.8,5.11,37.1,64.2,61.6,1014.5,1011.7,27.7,28.6
"972",12,2009,"SA",14.4,28.8,0.64,43.3,49.5,31.1,1016.6,1014.6,20.8,27.1
"973",12,2009,"TAS",11.4,22.4,1.32,47,61,47.6,1013,1011.2,16.2,20.8
"974",12,2009,"VIC",13.2,26.4,1.34,43.7,62.7,44.3,1016.1,1014.2,18.8,24.4
"975",12,2009,"WA",14.2,28.7,0.04,42.7,47.3,39.5,1016.7,1014.5,22.2,26.5
"976",12,2010,"ACT",11.9,24.7,6.64,46.4,73.1,47.2,1012.1,1009.8,17.3,23.2
"977",12,2010,"ACT ",12.1,24.9,8.17,39.5,72.6,48.4,1011.3,1008.7,17.1,23
"978",12,2010,"ISLAND",19.5,24.7,0.63,39.2,80.4,75.8,1015.8,1014.8,22.2,23.1
"979",12,2010,"NSW",17.1,26.8,4.11,43.9,69.2,55.2,1011.9,1009.6,21.2,25.2
"980",12,2010,"NT",21.1,32.5,7.71,40.9,58,47.6,1007.1,1003.8,27.4,31.2
"981",12,2010,"QLD",22.6,29.3,13.75,37.5,74.4,74,1010.1,1007.6,26.8,27.2
"982",12,2010,"SA",14.2,26.6,2.87,45.5,57.6,38.2,1011.4,1009.5,19.2,24.6
"983",12,2010,"TAS",11,20.8,1.96,44,62,54.7,1009.6,1007.7,15.4,18.9
"984",12,2010,"VIC",13,24.7,2.89,45.1,69.4,51.3,1011.3,1009.6,17.9,22.7
"985",12,2010,"WA",15.2,27.5,0.79,47.1,54.2,43.9,1012.1,1009.9,21.3,25.6
"986",12,2011,"ACT",11.1,24.6,2.18,37.9,70.3,47.2,1013.8,1011,16.5,22.8
"987",12,2011,"ACT ",11.3,23.4,4.54,34.8,67.5,48.6,1014.5,1011.7,15.6,21.5
"988",12,2011,"ISLAND",18.9,23.5,10.59,47.4,75.4,74.3,1011.6,1010.6,21.6,22.1
"989",12,2011,"NSW",15.9,25.1,2.99,39.9,67.4,55,1014.5,1012.4,19.9,23.5
"990",12,2011,"NT",22.4,34.8,3.86,42.3,49.5,42.1,1007.5,1004.1,29.4,32.8
"991",12,2011,"QLD",21.7,29.5,4.21,39.6,66.4,64.2,1010.5,1008.1,26.6,27.4
"992",12,2011,"SA",14.6,28,0.88,43,51.9,32.6,1014.5,1012.2,20,26.2
"993",12,2011,"TAS",11.6,21.9,1.27,38.3,64.3,51.6,1016,1014.2,16.2,20.2
"994",12,2011,"VIC",12.9,24.5,2.08,40.9,66.1,48.2,1015.3,1013.5,17.9,23
"995",12,2011,"WA",16.1,28.6,1.77,43.8,54.2,45.3,1012.2,1009.8,22.9,26.6
"996",12,2013,"ACT",11.3,28.4,0.77,49.1,60,29.9,1013.8,1010.6,18.3,27
"997",12,2013,"ACT ",12,28.3,0.54,43.7,56.5,30.4,1012.8,1009.4,18.4,26.7
"998",12,2013,"ISLAND",17.7,23.4,1.85,36,69.6,66.1,1014.2,1013.1,21.3,22
"999",12,2013,"NSW",17.4,29,1.34,44.1,56.6,42.3,1014.4,1011.7,22.6,27.2
"1000",12,2013,"NT",22.6,35.4,3.7,41.6,54.1,43.6,1010.5,1007,28.8,33.7
"1001",12,2013,"QLD",21.4,30.3,0.86,37.8,59.4,56,1013.8,1011,27.1,28.2
"1002",12,2013,"SA",14,28.5,0.68,44,48.6,31.4,1014.5,1013,20.4,26.4
"1003",12,2013,"TAS",11.2,21.9,1.07,44.5,65,52.3,1010.8,1009,15.6,19.9
"1004",12,2013,"VIC",12.6,26.3,1.09,44,63.9,43.4,1014.2,1012.5,18.3,24.3
"1005",12,2013,"WA",14.4,28.7,0.21,42.2,50.8,40.8,1015,1012.7,22.3,26.4
"1006",12,2014,"ACT",12.7,27.6,3.4,48.3,68.2,41.3,1011.8,1009.1,18.4,25.2
"1007",12,2014,"ACT ",13.7,27.3,2.86,39.8,66,40.9,1011.3,1008.5,18.5,25.1
"1008",12,2014,"ISLAND",19.3,24.3,8.44,43.4,74.7,71.2,1015.7,1014.7,22.3,23
"1009",12,2014,"NSW",18.1,29,2.65,47.3,62.7,47.5,1011.8,1009.2,22.5,26.9
"1010",12,2014,"NT",23.9,36.6,4.06,43.8,55.3,39.4,1009.4,1005.4,29.4,34.8
"1011",12,2014,"QLD",22.9,31,3.78,35.8,65.1,61.5,1011.8,1008.9,27.8,29.1
"1012",12,2014,"SA",13.7,27.5,0.48,43.9,55.4,36,1012.5,1010.9,19.6,25.4
"1013",12,2014,"TAS",12.1,20.3,2.52,44.3,65.1,55.5,1010.5,1008.9,15.8,18.4
"1014",12,2014,"VIC",13.3,26.1,1.92,45,66.6,46.5,1011.9,1010.2,18.7,24
"1015",12,2014,"WA",13.6,26.3,0.18,42.7,53.3,45.7,1015.8,1013.8,20.7,24.2
"1016",12,2015,"ACT",11.4,29.5,1.17,44.4,53,24.7,1017.4,1014.2,19.2,27.5
"1017",12,2015,"ACT ",12,28.6,0.99,39.3,53.6,30.9,1016.7,1013.5,19.2,26.8
"1018",12,2015,"ISLAND",18.3,23.7,3.71,39.4,65.5,66.6,1016.4,1014.9,22,22.1
"1019",12,2015,"NSW",17.6,28.9,2.32,43.4,60.5,46.6,1016.9,1014.5,22.5,26.9
"1020",12,2015,"NT",23.1,34.9,6.38,48.2,51.6,40.9,1010.2,1006.8,28.3,32.9
"1021",12,2015,"QLD",22.2,30.1,4.12,38.6,64.6,61,1014.9,1012.2,27.2,28.2
"1022",12,2015,"SA",16.2,32.2,0.29,45.2,39.7,24.9,1015,1013,23.8,30.2
"1023",12,2015,"TAS",12.4,22.6,0.67,48.7,56.5,48.9,1014.6,1013.2,17,19.8
"1024",12,2015,"VIC",13.9,29.3,1.27,44.4,56.2,35.1,1016.2,1014.3,20.5,27.2
"1025",12,2015,"WA",14.5,27.8,0.74,43.3,50.7,44,1015,1013,22.1,25.4
"1026",12,2016,"ACT",13.8,28.7,2.61,44.2,64.2,37.9,1012.7,1009.9,20.1,27.1
"1027",12,2016,"ACT ",14,28.1,3.01,39,64.5,37.8,1012.8,1009.9,19.4,26.8
"1028",12,2016,"ISLAND",17.1,23.5,0.38,33.6,66.6,66.7,1017.4,1015.9,21.8,22
"1029",12,2016,"NSW",18.4,29.8,1.47,45.5,63.2,49.4,1013.4,1011,23.3,27.5
"1030",12,2016,"NT",22.8,34.1,7.93,45,58,44.1,1009,1005.5,27.9,32.5
"1031",12,2016,"QLD",22.2,30.9,2.56,36.5,63.8,61,1013.8,1011,27.9,28.8
"1032",12,2016,"SA",13.7,28.4,1.44,44.6,57.1,37.3,1013.2,1011.2,19.9,26.4
"1033",12,2016,"TAS",12.2,22,1.83,51.4,58.5,46.9,1009.1,1007.5,16.1,20
"1034",12,2016,"VIC",13.7,27.1,1.43,42.9,63.7,42.8,1012.3,1010.7,18.8,25.1
"1035",12,2016,"WA",13.6,27,0.72,43.7,52.5,44.4,1013.5,1011.3,20.9,24.7
