Month,Year,State,MinTemp,MaxTemp,Rainfall,WindGustSpeed,Humidity9am,Humidity3pm,Pressure9am,Pressure3pm,Temp9am,Temp3pm
1,2008,Australian Capital Territory,15.3,29.1,1.41,43.1,65.9,39.5,1014.1,1011.3,19.7,27.3
1,2009,Australian Capital Territory,14.1,31.1,1.79,45.5,57.5,27.8,1014,1010.7,20.2,29.4
1,2009,New South Wales,18.8,31.3,1.02,47.8,57.5,41.3,1014.3,1011.6,23.8,29.5
1,2009,Northern Territory,23.9,34.1,6.87,47.8,58.5,47.3,1008,1004.7,29,32.4
1,2009,Queensland,22.9,30.2,13.66,39,71.8,66.8,1011.8,1009.5,27.1,28.4
1,2009,South Australia,15.7,32,0.06,45.1,41.7,22,1013.8,1011.9,22.4,30.4
1,2009,Tasmania,12.2,24.5,0.28,49.5,58.9,43.2,1010.3,1009,16.9,22.1
1,2009,Victoria,14.2,29.9,0.24,45.4,56.5,33.6,1013.8,1011.9,20.4,28
1,2009,Western Australia,16.7,30,0.17,42.9,61.8,43.5,1013.9,1011.7,21.4,28.4
1,2010,Australian Capital Territory,16,31.6,0.21,43.8,56.8,29.9,1012.8,1009.6,21.2,29.9
1,2010,New South Wales,19.5,31,1.08,43.5,61,45.5,1013.3,1010.8,24.1,29.4
1,2010,Northern Territory,23.1,33.4,12.38,47.8,59.9,49,1008.1,1005,28.1,32.2
1,2010,Queensland,23.2,30.9,10.92,38.8,70.2,65.7,1011.1,1008.5,27.7,29
1,2010,South Australia,15.9,31.1,0.3,43.6,45.2,27.4,1014.1,1012.2,22.3,29.2
1,2010,Tasmania,12.8,25,0.37,45.3,58.8,43.3,1011.6,1009.8,17.4,22.7
1,2010,Victoria,14.4,28.4,0.91,44.4,63.1,41.1,1013.6,1011.9,19.7,26.4
1,2010,Western Australia,16.6,31.1,0.1,45.4,49.1,39,1013.7,1011.4,23.5,28.9
1,2011,Australian Capital Territory,15.6,28.6,2.07,36,72.6,47.9,1012.2,1009.6,20.1,27.2
1,2011,New South Wales,19.8,29.9,2.06,42.1,67.8,53,1011.8,1009.8,23.9,28.3
1,2011,Northern Territory,23.2,34.2,11.18,49.3,61.9,51.2,1006.1,1003,28.9,32.5
1,2011,Queensland,22.8,30.2,8.66,37.4,70.3,68.1,1008.9,1006.6,27.4,28.4
1,2011,South Australia,16.9,31.1,1.16,41,54.1,34.9,1011.1,1009.3,22.1,29.5
1,2011,Tasmania,13.4,23.6,1.64,42.4,65.5,52.4,1011.8,1010.7,17.5,21.6
1,2011,Victoria,15.6,27,3.37,39.9,72.9,52.5,1012,1010.6,19.6,25.3
1,2011,Western Australia,17.1,30.7,1.26,43.5,51.8,42.8,1010.3,1008.2,24,28.2
1,2012,Australian Capital Territory,12.8,27,1.68,39.8,65.7,42,1014.9,1012.1,18.4,25.3
1,2012,New South Wales,18.5,28.4,4.46,42.7,64.8,52.1,1014.2,1012,22.5,26.7
1,2012,Northern Territory,23.2,35,7.85,49.9,54,42.7,1008,1004.6,29.2,33.2
1,2012,Queensland,22.5,29.9,11.1,37.8,70.5,66.8,1011.2,1008.6,27,28.2
1,2012,South Australia,16.9,30.7,0.65,49.5,50.2,29.8,1013.8,1011.8,22.1,29
1,2012,Tasmania,13.3,24.7,1.28,44.5,62.4,46.7,1013.2,1011.4,17.9,22.8
1,2012,Victoria,15.4,27.9,1.43,45.8,64.7,43.1,1014.6,1012.8,20.2,26.1
1,2012,Western Australia,18.2,31.5,0.38,46.6,51.9,39.5,1013,1010.3,24.4,29.6
1,2013,Australian Capital Territory,14,31.9,2.7,45.3,60.9,29,1011.5,1008.3,20.1,29.8
1,2013,New South Wales,19.8,31.2,5.37,45.7,61.9,47.5,1011.7,1009.4,24.2,29.2
1,2013,Northern Territory,23.9,36.3,3.81,48.2,49.7,41.6,1007.5,1004.4,30.4,34.5
1,2013,Queensland,23.5,31.4,9.38,41.6,68,63.7,1009.5,1007,28,29.4
1,2013,South Australia,15.2,31.2,0.25,45.8,45.7,25.6,1013.4,1011.5,21.5,29.3
1,2013,Tasmania,12.6,24.5,0.44,46.4,61.1,42.5,1010.2,1008.6,17.1,22.4
1,2013,Victoria,14.3,28.8,1.68,44.7,60.5,39.3,1012.8,1011,19.9,26.6
1,2013,Western Australia,17.1,30.4,0.39,45.1,52.4,42.8,1014.9,1012.8,23.8,28
1,2014,Australian Capital Territory,12.7,31,0.32,43.3,53.6,26.4,1014.8,1011.3,19.7,29.2
1,2014,New South Wales,18.9,30.4,0.79,42.8,58,43,1015.4,1012.8,23.6,28.7
1,2014,Northern Territory,23.5,35,7.76,48.2,57.4,47.3,1007.7,1004.4,28.8,33.2
1,2014,Queensland,23.2,31.1,3.57,42.2,64.6,60.2,1011.9,1009.5,27.8,29
1,2014,South Australia,16.9,32.6,0.42,47.3,44.4,27.5,1014.5,1012.4,23.2,30.9
1,2014,Tasmania,12.3,24.6,0.52,46.5,59.2,45,1013.5,1011.5,17.1,22.7
1,2014,Victoria,15.2,29.7,0.48,45.3,59.7,37.6,1015.4,1013.3,20.5,27.7
1,2014,Western Australia,16.4,30.6,0.12,43.6,50.9,40.2,1013.7,1011.5,23.9,28.4
1,2015,Australian Capital Territory,14.2,27.1,3.66,41.3,67.5,45.9,1011.9,1009.1,19.5,25.4
1,2015,New South Wales,19.2,29.2,4.22,43.4,66.5,51,1011.6,1009.2,23.1,27.6
1,2015,Northern Territory,22.9,33.6,7.2,43.5,61.3,49.5,1007.7,1004.6,28,32
1,2015,Queensland,23.6,31.4,8.32,38,70.2,67.3,1009.7,1007,28,29.1
1,2015,South Australia,15.8,28.6,1.66,46.7,56.6,39.2,1012.2,1010.3,20.7,26.6
1,2015,Tasmania,13.1,21.3,4.19,50.1,64.5,51.5,1010.5,1009.4,16.4,19.4
1,2015,Victoria,15,27.6,2.12,45.5,69.2,46.6,1012.8,1010.8,19.5,25.6
1,2015,Western Australia,16.3,31.1,0.17,43.5,50,38.2,1013.6,1011.3,23.6,29
1,2016,Australian Capital Territory,14.2,28.1,3.33,41.5,66,44.5,1014.5,1011.8,19.6,25.9
1,2016,New South Wales,19.1,29.4,4.59,43.4,66.9,53.4,1014.2,1011.9,23.2,27.3
1,2016,Northern Territory,22.9,35.1,2.26,43,50.8,38.3,1012,1008.9,28.5,33.4
1,2016,Queensland,22.8,31.1,4.02,35.6,66.9,62.9,1013.5,1010.5,27.8,29.3
1,2016,South Australia,16.8,31.1,0.78,44.6,51.4,30.1,1014.8,1012.7,22.3,29.1
1,2016,Tasmania,14.4,21.9,1.42,39.1,62.2,52.5,1016.5,1014.8,17.4,20.2
1,2016,Victoria,15.5,28.2,3.25,43.4,68.9,46.2,1014.7,1012.6,19.9,26.1
1,2016,Western Australia,17.8,30.2,1.17,43.6,58.4,46.7,1014,1011.8,23.6,27.8
1,2017,Australian Capital Territory,15.2,32.3,0.31,44,63.6,32.8,1012.3,1009.1,21.1,30.4
1,2017,New South Wales,20.7,32.5,1.66,44.5,62.7,47.8,1012.5,1010.1,25.2,30.1
1,2017,Northern Territory,24.3,35,6.29,41.5,62.4,48,1007.5,1004.4,28.8,33.3
1,2017,Queensland,23.9,31.4,7.36,35.9,71.9,67.5,1011.2,1008.6,28.2,29.6
1,2017,South Australia,16.9,30.5,1.51,41.7,60.3,39.2,1012.9,1011.3,21.7,28.6
1,2017,Tasmania,13.5,23,1.94,53.4,58.7,51.3,1009.1,1008,17.3,21.2
1,2017,Victoria,15.5,28.9,1.16,40.8,64.9,43.1,1012.8,1011.3,20.2,26.8
1,2017,Western Australia,14.9,29.3,1.07,42.3,52.2,42.8,1012.5,1010.3,22.5,27.2
2,2008,Australian Capital Territory,12.7,24.6,2.23,40.9,72.9,46.1,1013.5,1010.7,16.3,23.2
2,2009,Australian Capital Territory,14.6,28.8,0.2,43,64.8,35,1014.4,1011.3,18.9,27.2
2,2009,New South Wales,18.8,29.2,4.49,43.8,65.9,49.9,1013.4,1011.2,22.4,27.7
2,2009,Northern Territory,22.8,33.7,9.02,44.8,55.9,43.8,1007.8,1004.5,28.2,32.5
2,2009,Queensland,22.9,30.2,16.82,37,74.5,68.3,1009.8,1007.2,26.8,28.8
2,2009,South Australia,16.7,31.4,0.04,44.8,46.4,27.4,1014.4,1012.6,21.9,29.2
2,2009,Tasmania,12.4,23,1.73,41.5,66.5,49.4,1016.9,1015,15.9,21.4
2,2009,Victoria,15.2,28.3,1.54,44,66.3,41.2,1014.8,1012.9,19.1,26.4
2,2009,Western Australia,16.5,30,0.39,45.1,60.2,40.4,1013.1,1011.1,20.9,28.1
2,2010,Australian Capital Territory,15.7,26.9,6.67,35.3,71.8,50.4,1016.2,1014.1,19.2,25.1
2,2010,New South Wales,20,29.3,4.43,42.1,71.1,56.4,1016.3,1014.3,23.2,27.6
2,2010,Northern Territory,23.6,33.4,10.91,46.9,63.8,51.4,1009.8,1006.5,28.4,32
2,2010,Queensland,23.3,30.7,11.29,37.5,72.8,67.5,1013,1010.5,27.4,29
2,2010,South Australia,17.1,31.2,0.82,43.5,54.5,31.5,1016.3,1014.4,22.1,29.6
2,2010,Tasmania,14.1,24.8,1.37,41.7,68.4,49.2,1018.8,1017.1,17.7,23.1
2,2010,Victoria,16.3,28.3,2.22,44,71.1,48.3,1017.1,1015.4,20.3,26.4
2,2010,Western Australia,17.2,30.7,0.06,42.4,56.6,42.4,1015,1012.7,23.4,28.7
2,2011,Australian Capital Territory,15,26.6,5.74,38.1,74.7,52.4,1015.6,1013.5,19,25
2,2011,New South Wales,19.8,29.6,2.89,41.9,71.2,55.4,1015.8,1013.7,23,27.7
2,2011,Northern Territory,22.9,31.9,21.75,47,72.7,57.9,1007.6,1004.5,26.8,30.5
2,2011,Queensland,22.9,30.4,14.54,37.2,73.1,68.8,1013.4,1010.9,27.2,28.5
2,2011,South Australia,16.5,28.6,2.42,39.4,62.8,42.9,1015.5,1013.9,20.4,26.9
2,2011,Tasmania,12.1,22,1.81,38.2,73.2,56.5,1014.6,1012.9,15.6,20.4
2,2011,Victoria,15.2,26,3.42,39.4,76.7,56.6,1016.2,1014.7,18.8,24.3
2,2011,Western Australia,18.7,31,0.33,47.8,56.1,40.8,1012.5,1009.7,23.7,29.8
2,2012,Australian Capital Territory,13,24.9,4.79,35,78.2,53,1014,1011.6,16.8,23.6
2,2012,New South Wales,17.8,27.2,5.73,38.1,75.2,58.3,1013.8,1012,21.3,25.7
2,2012,Northern Territory,21.5,34,5.08,41.9,56.2,44.2,1009.2,1005.8,27.8,32.1
2,2012,Queensland,22.9,30.6,7.17,36.8,70.8,66.4,1011,1008.4,27.6,28.8
2,2012,South Australia,15.7,28.5,0.6,43.1,58.1,35.5,1013.8,1012,20.1,26.8
2,2012,Tasmania,13.4,23.7,1.21,37.7,68.7,48.7,1015.2,1013.5,16.8,22.2
2,2012,Victoria,14.9,26.7,2.95,41.1,74.8,49.9,1014.1,1012.5,18.7,24.8
2,2012,Western Australia,17.3,29.6,0.64,44.6,56.8,44.7,1014.2,1011.9,22.9,27.7
2,2014,Australian Capital Territory,14.2,29.2,3.79,41.2,68.7,40.6,1014.2,1011.1,18.6,27
2,2014,New South Wales,19.3,29.4,2.17,40.6,65.1,49,1014.2,1012,22.6,27.8
2,2014,Northern Territory,22.4,33.6,6.72,47.3,61.9,47.6,1008,1004.6,27.1,32
2,2014,Queensland,22.7,30,7.28,38.8,68.7,65.9,1011.7,1009.2,26.9,28.1
2,2014,South Australia,16.4,30.3,2.22,45.7,52.9,32.4,1013.5,1011.9,21.4,28.4
2,2014,Tasmania,12.8,24.6,0.66,41.5,65.3,44.7,1013.3,1011.4,17.1,22.6
2,2014,Victoria,14.9,29.1,1.11,42.7,65.9,40.3,1013.9,1012.3,19.4,26.8
2,2014,Western Australia,16.9,30.9,0.13,44.5,50.6,36.8,1015.3,1012.6,23,29
2,2015,Australian Capital Territory,13.8,27.6,1.52,36.4,73.4,44.5,1018.3,1015.5,18.3,25.9
2,2015,New South Wales,19.4,29.7,1.86,39.5,69.5,51.3,1016.7,1014.7,23,28.1
2,2015,Northern Territory,22.9,36.5,3.78,42.9,51.4,37.1,1010.7,1007,29.5,34.8
2,2015,Queensland,22.6,30.8,9.96,40.9,69.4,62.8,1012.9,1010.3,27.2,29.1
2,2015,South Australia,16.6,32.5,0.04,43.2,51.5,25.9,1017,1014.9,21.8,30.7
2,2015,Tasmania,13.4,22.5,0.77,42.8,63.4,54.9,1019,1017.4,17.1,20.4
2,2015,Victoria,15.5,28.9,1.36,41.5,72.7,45.1,1017.7,1015.9,19.5,27
2,2015,Western Australia,17.4,30.8,0.78,41.5,58.7,44.7,1015.6,1013.4,23.4,28.5
2,2016,Australian Capital Territory,13.7,29.1,0.98,38.8,68,37.2,1014.8,1011.9,19,27.6
2,2016,New South Wales,19.3,30.5,0.74,39.5,63.9,46.4,1014.4,1012.2,23.6,29.1
2,2016,Northern Territory,22.7,36.2,2.2,43,45.1,33.4,1011.7,1008,29.2,34.8
2,2016,Queensland,23.6,32.1,2.7,38.5,69.5,64.2,1011.5,1008.6,28.6,30.3
2,2016,South Australia,15.5,29.7,0.81,41.9,60.3,33.5,1016.1,1014.3,20.1,27.9
2,2016,Tasmania,14.4,23.8,0.75,50.4,63.8,47.3,1013.5,1011.9,17.5,21.9
2,2016,Victoria,14.9,28.1,0.69,39.8,70.4,42.9,1015.8,1014,19,26.3
2,2016,Western Australia,16,30.1,0.37,42.5,52.6,41.3,1017,1014.8,23.1,28
2,2017,Australian Capital Territory,13.2,30,0.79,42.1,64,35.1,1014.8,1012.1,19.1,27.6
2,2017,New South Wales,19.6,30.9,3.17,44.1,64.6,48,1014.6,1012.3,23.5,29.1
2,2017,Northern Territory,22.2,35.6,7.72,43,50,37.2,1010.1,1006.5,28.2,34.1
2,2017,Queensland,23.6,31.7,5.95,38.8,68.2,61.4,1012.8,1010,28.1,29.9
2,2017,South Australia,15.5,29,1,41.1,59.7,37.8,1015.3,1013.7,20.3,27.2
2,2017,Tasmania,11.8,22.9,0.37,49,55.2,38.8,1012.2,1010.8,15.2,21
2,2017,Victoria,14.2,27.6,1.34,42,70.6,43.5,1015.3,1013.5,18.4,25.8
2,2017,Western Australia,16,28.2,2.84,42.4,63.6,50.2,1015.1,1012.9,21.5,26.3
3,2008,Australian Capital Territory,10.9,26,0.97,38.3,70.7,36,1020.3,1017.3,15.4,24.6
3,2009,Australian Capital Territory,11.8,26.6,0.31,39.2,66.2,30.9,1017.8,1014.8,15.6,25.1
3,2009,New South Wales,16.6,27.7,1.4,39.5,66.1,46.9,1017.1,1014.8,20.4,26.3
3,2009,Northern Territory,22.2,34.2,1.87,42.9,51.7,35,1012,1008.2,27.6,33.2
3,2009,Queensland,21.8,30.1,2.54,39.8,65.8,59.2,1013.6,1010.8,26.7,28.7
3,2009,South Australia,13.7,26.5,0.8,41,63.9,36.8,1017.4,1015.6,17.5,24.8
3,2009,Tasmania,11.9,21.4,1.94,40.6,73.8,53.2,1015.5,1014,14.8,19.9
3,2009,Victoria,12.2,24.6,1.5,40.4,75.9,46.8,1017.2,1015.5,15.6,23
3,2009,Western Australia,14,27.5,0.81,40.5,67.8,43.8,1017.5,1015.6,18.8,25.9
3,2010,Australian Capital Territory,11.9,24.7,3.47,33.2,79.3,46.7,1021.4,1018.9,15.6,23.6
3,2010,New South Wales,17,27.3,3.72,37.9,72.4,52,1020.9,1018.5,20.4,26
3,2010,Northern Territory,21.4,31.7,3.7,38.3,63,47.2,1012.9,1009.6,26.2,30.8
3,2010,Queensland,22.3,29.5,8.17,41.4,72.1,65.8,1015.9,1013.2,26.2,27.8
3,2010,South Australia,14.5,27.7,0.48,39.6,60.2,34.2,1020.2,1018,18.6,26.1
3,2010,Tasmania,12.8,23.5,1.5,39.9,73.3,48.2,1018.7,1017,15.9,22.2
3,2010,Victoria,13.8,25.6,2.25,39.2,75.2,48.9,1020.5,1018.8,17.2,24
3,2010,Western Australia,16.1,28.8,0.58,41,58.2,42.2,1018.6,1016,21.8,27.2
3,2011,Australian Capital Territory,12.3,23.3,1.8,36,81.2,55.2,1016.4,1014.4,15.7,21.4
3,2011,New South Wales,17.4,26.7,3.81,38.8,74.5,56.1,1016.1,1014.2,20.5,25.2
3,2011,Northern Territory,21.1,30.1,4.99,41.4,76.8,58.6,1009.5,1006.2,24.7,28.8
3,2011,Queensland,22.4,29.4,11.71,34.9,74.9,68.2,1013.1,1010.4,26.2,27.9
3,2011,South Australia,14.1,24.1,2.29,39,71.4,51.8,1016.4,1014.9,17.2,22.7
3,2011,Tasmania,10.7,20.6,2.21,40.3,74.5,52.8,1016.3,1014.9,13.6,19.3
3,2011,Victoria,13.2,23.2,1.82,38.8,79.2,57.1,1017.1,1015.7,16.1,21.7
3,2011,Western Australia,17.7,30.8,0.08,44.5,52.1,37.4,1015.5,1012.8,23.5,29.1
3,2012,Australian Capital Territory,10.3,22.1,7.47,36.1,82.7,57.3,1016.6,1014.2,13.9,20.5
3,2012,New South Wales,16.1,25.4,5.6,40,75.6,57.9,1016.1,1014,19.3,24.1
3,2012,Northern Territory,19.9,30.8,9.89,41,65.4,51.7,1010.1,1006.7,25,29.4
3,2012,Queensland,21.9,29,13.98,38.2,74.8,68.6,1012.2,1009.4,25.9,27.4
3,2012,South Australia,13.5,26,1.58,41.5,67,37.3,1016.7,1014.8,17.2,24.6
3,2012,Tasmania,11.1,21.4,1.12,41,73,52.8,1016.1,1014.5,14.1,19.8
3,2012,Victoria,12.8,23.4,2.67,40.7,80.9,52.6,1017,1015.5,15.9,22
3,2012,Western Australia,15.6,30.2,0.05,42.6,48.7,32.5,1015.6,1012.2,22.4,28.6
3,2013,Australian Capital Territory,9.9,25.2,0.87,37.3,73.2,41.2,1018.7,1015.9,15.1,23.6
3,2013,New South Wales,17.3,27.4,2.31,39.8,68.4,50.1,1017.8,1015.5,20.8,25.9
3,2013,Northern Territory,22.4,34.5,6.89,41.7,59.1,44,1010.5,1006.8,27.3,32.9
3,2013,Queensland,21.8,29.6,5.45,40.3,71.9,66.2,1013.6,1010.8,26,27.6
3,2013,South Australia,15.9,28.3,0.62,43.3,58.4,35.6,1016.7,1014.8,19.9,26.4
3,2013,Tasmania,12.4,24.4,1.94,41.6,72.3,46.8,1015.9,1014.2,15.8,22.8
3,2013,Victoria,14.3,27.2,1.8,41.9,69.8,42.3,1017.5,1015.5,18.3,25.6
3,2013,Western Australia,14.8,26.6,1.92,38.9,65.8,49.7,1016.5,1014.2,20.3,24.9
3,2014,Australian Capital Territory,12.5,24.1,2.58,35.5,82.2,55.6,1019.9,1017.5,16.3,22.6
3,2014,New South Wales,17.6,27.3,4.09,37.2,74.3,55.1,1019.4,1017.1,20.9,25.9
3,2014,Northern Territory,20.7,34.8,1.95,39.3,50.7,35.1,1013.1,1009.2,27.4,33.2
3,2014,Queensland,21.9,29.4,7.39,38.6,71.6,64.3,1015.9,1013.1,26,27.8
3,2014,South Australia,13.9,27.3,0.67,39.1,66.5,38.1,1018.9,1017,18.1,25.6
3,2014,Tasmania,12.1,23,1.62,39.1,75.5,47.6,1018.4,1016.6,15.2,21.6
3,2014,Victoria,13.1,25.9,1.63,38.8,78.5,47.1,1019.5,1017.6,16.8,24.2
3,2014,Western Australia,16.2,28.6,0.5,41.2,59.2,44.4,1018.3,1015.9,21.7,26.7
3,2015,Australian Capital Territory,9.2,25.8,0.42,38.8,71,35,1016,1013.2,14.6,24.3
3,2015,New South Wales,16.8,27.9,2.22,41.5,65.2,47.5,1015.6,1013.4,20.6,26.3
3,2015,Northern Territory,21.9,34.8,2.98,40.3,51.7,35.9,1012.8,1009.1,27.4,33.5
3,2015,Queensland,23.1,31.3,3.48,38.4,67.1,58.5,1014,1010.9,27.4,29.6
3,2015,South Australia,12.6,25.6,0.34,41,62.6,34.1,1018,1016.3,16.8,24
3,2015,Tasmania,9.9,20.3,1.65,49.8,63.8,47.2,1012.6,1011,13.1,18.5
3,2015,Victoria,11.2,24.4,0.99,41.4,75.6,45.1,1016.9,1015.1,15.3,22.8
3,2015,Western Australia,15.2,27.7,0.97,40.2,62.7,46.4,1018.2,1015.9,21.1,25.8
3,2016,Australian Capital Territory,12.9,27.4,1.4,35,76.2,38.6,1019.2,1016.2,17,25.9
3,2016,New South Wales,18.4,28.8,3.06,38.1,70.8,49.6,1018.3,1015.9,21.7,27.3
3,2016,Northern Territory,22.8,34.9,1.73,39.7,56.4,40,1012.6,1008.9,27.9,33.3
3,2016,Queensland,22.6,30.3,7.86,35,74.2,67.3,1015.1,1012.1,26.8,28.7
3,2016,South Australia,15.9,28.1,1.25,36.5,64.9,40.1,1018,1016.1,19.5,26.6
3,2016,Tasmania,12.5,21.6,0.55,40.2,66.9,50.2,1018.7,1017.1,15.5,20.1
3,2016,Victoria,14.7,26.7,1,37.9,76.4,47.1,1018.5,1016.8,17.9,25.2
3,2016,Western Australia,16.3,27.9,1.26,39.6,65.4,50.6,1017.8,1015.3,21.5,26.1
3,2017,Australian Capital Territory,13.5,25.9,3.37,38,78.8,51.5,1017.2,1014.7,17.2,24.1
3,2017,New South Wales,18.6,27.7,7.37,43.6,75.3,60,1015.5,1013.5,21.5,26.1
3,2017,Northern Territory,21.7,35.5,4.93,39.6,45.7,35,1011.3,1007.7,27.9,34
3,2017,Queensland,23,31.1,6.63,35,73.1,67.5,1012.2,1009.2,27.5,29.2
3,2017,South Australia,15.7,29.3,1.1,39.7,63.2,37.4,1015.7,1013.9,19.9,27.7
3,2017,Tasmania,12.9,22.4,1.19,40.2,72.1,51.7,1018.1,1016.3,15.6,20.7
3,2017,Victoria,15.1,27.5,2.35,39.8,76.9,49.1,1016.2,1014.5,18.4,25.7
3,2017,Western Australia,14.7,26.1,1.73,41.7,66.6,51.7,1016,1013.8,19.8,24.5
4,2008,Australian Capital Territory,5.2,19.5,0.58,35.3,74.6,41.6,1022.1,1018.9,11.1,18.4
4,2009,Australian Capital Territory,8.5,19.6,2.86,38.5,71.6,47.6,1020,1017,12.9,18.3
4,2009,New South Wales,13.4,23.1,3.31,40,68,52.8,1019.1,1016.4,17.9,21.9
4,2009,Northern Territory,19.1,31.2,1.06,38.3,51,34.2,1014.5,1011,24.8,30.2
4,2009,Queensland,19.7,28.9,6.38,37,68.5,58.3,1015.4,1012.4,24.8,27.2
4,2009,South Australia,10.9,22.4,1.69,40.1,62.6,42.5,1019.8,1017.5,16.1,21.1
4,2009,Tasmania,8.3,17.9,2.41,39.8,75.3,57,1016.3,1014.5,12.1,16.4
4,2009,Victoria,9.4,20.6,2.2,40,75,51.8,1019.1,1016.8,14,19.3
4,2009,Western Australia,12.8,25.9,0.32,37.5,62.4,43.9,1020.6,1017.9,18.5,24.3
4,2010,Australian Capital Territory,7.7,21.2,0.7,30.3,72.1,46.9,1021,1017.8,13.9,20.1
4,2010,New South Wales,13.6,24.4,1.19,32.2,68.3,50.7,1020.7,1017.9,18.8,23.4
4,2010,Northern Territory,19.8,30.3,2.94,35.9,70.5,49.2,1014.3,1010.9,24.4,29.1
4,2010,Queensland,20.6,28.2,3.2,35.5,72.7,65.5,1017.2,1014.4,24.6,26.6
4,2010,South Australia,12.8,23.2,1.93,36,68,47.3,1019.9,1017.4,17.2,22
4,2010,Tasmania,10.1,19.8,1.98,38,76.6,57,1016.9,1015.2,13.8,18.2
4,2010,Victoria,11.8,22,1.34,37.6,76.5,54.6,1019.8,1017.6,15.9,20.8
4,2010,Western Australia,12.3,24.1,1.11,35.1,71.4,51.6,1016.5,1014.3,17.9,22.7
4,2012,Australian Capital Territory,6.3,20.1,1.05,31.1,79.3,53.5,1021.5,1018.5,12.8,18.9
4,2012,New South Wales,13.4,23.8,3.55,35.7,70.1,54,1020.5,1017.9,18.3,22.4
4,2012,Northern Territory,18.2,30.5,1.61,38.2,58.2,39.6,1015.5,1012,24,29.3
4,2012,Queensland,19.2,28.1,5.42,35.5,69.3,61.8,1017,1014,24.1,26.4
4,2012,South Australia,10.8,24,0.75,36.5,57.1,37.8,1022,1019.5,17.5,22.7
4,2012,Tasmania,9.7,19.9,0.88,38.4,74.8,56.5,1018.7,1016.4,14,18.4
4,2012,Victoria,10,21.9,2.33,37.5,76.9,52.5,1021.3,1018.9,15.1,20.6
4,2012,Western Australia,13.8,24.8,2.88,38.4,49.8,37.2,1019.3,1017.7,19,23.2
4,2013,Australian Capital Territory,5.8,21.8,0.43,34,73,39.5,1021.1,1018,12.4,20.4
4,2013,New South Wales,12.8,24.2,3.08,33.5,67.7,48.5,1020.2,1017.5,17.8,22.9
4,2013,Northern Territory,18,32.5,0.94,37.4,51.4,30.8,1014.9,1011.1,24.8,31.4
4,2013,Queensland,19.4,28,4,36.7,71.5,62,1016.4,1013.4,24,26.4
4,2013,South Australia,12,23.7,1.12,36,63.4,40.9,1021,1018.6,16.9,22.5
4,2013,Tasmania,8.1,18.5,0.68,39.8,71.8,52.5,1018.3,1016,12.2,17.2
4,2013,Victoria,9.8,21.6,1.25,35.9,76.8,50,1020.7,1018.4,14.5,20.4
4,2013,Western Australia,15.2,26.8,0.85,31.8,71.4,51.8,1017.6,1015.3,20.3,25.1
4,2014,Australian Capital Territory,7.8,19.5,3.01,29.9,80.7,58.5,1019.5,1016.7,13,18.5
4,2014,New South Wales,14.4,24,2.83,35.1,70.9,56,1018.4,1015.7,18.7,22.8
4,2014,Northern Territory,19.2,31.5,2.63,37,64.5,45.5,1014,1010.5,24.4,30.1
4,2014,Queensland,20.5,28.8,5.65,35.9,69.3,60.6,1015.8,1012.7,24.9,27.3
4,2014,South Australia,12,22.4,1.86,37.3,70.5,48,1019,1016.6,16.5,21.3
4,2014,Tasmania,8.4,18.7,1.94,38,74.7,55.1,1018.1,1016.6,12.6,17.1
4,2014,Victoria,11,21.2,2.51,37.4,79.2,57,1018.9,1016.8,15.1,19.8
4,2014,Western Australia,12.8,25.4,0.93,35.3,65.7,46.5,1018,1015.7,18.8,23.8
4,2015,Australian Capital Territory,7.5,18.9,3.15,34.5,76.7,58.7,1020.2,1017.8,12.9,17.2
4,2015,New South Wales,13.4,22.8,6.65,41,72,57,1019.1,1016.7,17.5,21.3
4,2015,Northern Territory,17.2,30.4,0.26,37.5,49.8,34.9,1016.4,1012.6,23,29.4
4,2015,Queensland,19.6,28.6,4.71,35.3,64.8,55.7,1016.6,1013.3,24.4,27.2
4,2015,South Australia,9.9,20,1.67,37.5,65.8,48,1022.9,1020.5,14.6,18.8
4,2015,Tasmania,8.9,16.3,0.44,39.1,66.8,56,1021.6,1020.1,11.7,15.1
4,2015,Victoria,9.5,19.9,4.56,39.5,79.8,55.9,1021.3,1019.1,13.5,18.5
4,2015,Western Australia,13,23.9,2.61,38.2,68.6,51.2,1021.6,1019,17.9,22.7
4,2016,Australian Capital Territory,8.4,23.6,0.24,32.4,72.7,37.8,1024.1,1020.5,14.3,22.6
4,2016,New South Wales,14.9,26,1.87,34.3,67.8,50.7,1022.8,1019.7,19.8,24.6
4,2016,Northern Territory,17.9,32.7,0.52,36,46.9,27.6,1016.9,1013.1,24.5,31.6
4,2016,Queensland,20.7,29.4,2.37,38.6,68.5,60.9,1018.5,1015.6,25.6,27.7
4,2016,South Australia,11.6,24.4,0.47,36.8,60.1,38.3,1022.1,1019.4,17.4,23.2
4,2016,Tasmania,10.8,20.4,0.29,46.5,60.7,41.8,1018.4,1016,14.2,19.1
4,2016,Victoria,10.8,23,1.22,36.1,73,48.7,1022.6,1020.1,15.9,21.7
4,2016,Western Australia,14.1,23.5,2.44,37.7,75.1,59.1,1020.3,1018.3,18.3,22
4,2017,Australian Capital Territory,5.8,19.7,1.1,29.9,78.6,49.9,1023.1,1019.8,12.1,18.8
4,2017,New South Wales,12.9,23.7,1.98,36.3,68,51.1,1022.2,1019.3,17.9,22.2
4,2017,Northern Territory,16.4,29.4,2.7,37,51.5,33.4,1016.8,1013.1,21.9,28.4
4,2017,Queensland,18.9,27.9,2.04,38.7,65,59.2,1017.9,1014.8,24,26.2
4,2017,South Australia,11.7,22.5,1.45,33.4,65.1,48,1023.2,1020.6,16.9,21.3
4,2017,Tasmania,9.9,19.3,0.74,40.8,66.1,49.3,1020.4,1018.3,13.3,18
4,2017,Victoria,10.5,21.4,2.93,35.6,78,54.6,1022.5,1020.2,15,20.1
4,2017,Western Australia,11.7,25.2,0.23,34.2,69.3,46.7,1022,1019.3,18,23.8
5,2008,Australian Capital Territory,2.6,17.2,0.43,29.7,80.7,46.9,1022.5,1019.5,7.9,16.4
5,2009,Australian Capital Territory,4.2,16.4,0.12,30.7,76.7,50.7,1025.1,1022.3,9.3,15.4
5,2009,New South Wales,9.9,20.3,3.1,36.8,70.7,52.8,1023.1,1020.5,14.7,19.2
5,2009,Northern Territory,15,27.1,0.36,39.2,52.9,34.1,1016.9,1013.2,20.1,26.4
5,2009,Queensland,16.6,25.7,4.18,38.7,66.8,57.5,1018,1015.1,21.5,24.1
5,2009,South Australia,9,17.8,1.14,31.5,78.6,58,1024.5,1022.2,12.8,16.8
5,2009,Tasmania,6.6,16.1,1.07,39.1,78,56.5,1021.6,1020.3,10.1,14.9
5,2009,Victoria,7.7,17.7,1.28,34.2,83.7,59.8,1024.2,1022,11.5,16.6
5,2009,Western Australia,9.6,23.2,2.16,36.1,63.5,40.3,1021.2,1018.6,15.5,22.1
5,2010,Australian Capital Territory,3,16.6,2.06,27.2,82.7,51.5,1020.7,1017.6,8.2,15.6
5,2010,New South Wales,9.5,20.4,3.21,35,71.6,52.7,1018.8,1016.2,14.5,19.3
5,2010,Northern Territory,16.2,27.5,1.26,36.6,65.7,45,1015.5,1012.2,21.2,26.5
5,2010,Queensland,17.2,26.1,2.78,34.7,66.2,56.8,1016.6,1013.6,22,24.6
5,2010,South Australia,8.3,18.7,1.39,33.9,73,52.1,1019.8,1017.3,12.9,17.6
5,2010,Tasmania,5.8,15.7,1.19,33.4,82.2,59.5,1018.3,1016.3,9.1,14.6
5,2010,Victoria,7.2,17.7,1.78,34.1,84.3,61,1019.1,1016.8,11.3,16.6
5,2010,Western Australia,8.8,20.9,3.25,33.8,72.6,52.2,1018.2,1015.9,14.3,19.7
5,2011,Australian Capital Territory,0.6,15.7,0.62,32.3,77.8,46.4,1020.8,1017.8,7.2,14.5
5,2011,New South Wales,8.2,18.9,2.48,35.5,71.7,53,1020,1017.5,12.9,17.9
5,2011,Northern Territory,12.7,25.9,0.04,36.5,58,33.6,1018,1014.4,18.4,25.1
5,2011,Queensland,15.1,25.2,1.38,34.5,62.7,52.3,1017.5,1014.4,20.5,23.7
5,2011,South Australia,8.5,17,1.98,33.9,74.7,57,1023.3,1021,12.2,15.9
5,2011,Tasmania,5.1,14.9,1.02,33,82.1,61.2,1017.8,1016.1,8.2,13.6
5,2011,Victoria,7.2,16,2.12,34.4,82.8,63.8,1021.3,1019.3,10.6,14.8
5,2011,Western Australia,11,22.6,2.14,34.2,68.6,47.4,1022.1,1019.2,16.1,21.6
5,2012,Australian Capital Territory,0.1,15.5,1.04,29.5,83.4,50.5,1023.3,1020.5,6.5,14.6
5,2012,New South Wales,8.4,19.9,1.15,31.8,69.3,49.5,1022.7,1019.9,13.4,18.9
5,2012,Northern Territory,12.8,27.2,0.83,39.6,49.8,30.8,1017.8,1014.2,19.4,26.4
5,2012,Queensland,16.2,25.6,2.62,35.6,67.1,56.5,1019.3,1016.4,21.1,24.1
5,2012,South Australia,7.6,18.3,1.52,37.6,69.1,52.5,1024.2,1021.9,12.6,16.9
5,2012,Tasmania,6.5,15.7,3.01,40.2,80.7,62.7,1017.3,1015.5,9.6,14.3
5,2012,Victoria,6.7,17.3,1.86,37.2,80.4,56.3,1022.7,1020.5,10.9,16.3
5,2012,Western Australia,10.3,22.3,2.02,34,68.8,50.1,1022.6,1020.1,15.7,21.2
5,2013,Australian Capital Territory,1.8,16.9,0.34,32.8,77.8,46,1023.8,1020.7,8.6,15.8
5,2013,New South Wales,9.6,20.3,2.9,34.5,71.1,52.4,1022.7,1019.8,14.1,19.1
5,2013,Northern Territory,16.1,29,1,37.7,61.4,39,1016.5,1012.9,21.6,27.9
5,2013,Queensland,17.1,25.4,2.74,38.5,70.2,59.7,1019.3,1016.4,21.2,23.9
5,2013,South Australia,10.2,19.9,1.73,36.8,69,48,1021.6,1019.1,14.2,18.9
5,2013,Tasmania,5.7,16.1,1.4,33.3,80.4,58.5,1019.5,1017.4,9.2,14.9
5,2013,Victoria,7.1,18,1.46,36.3,80.4,56.2,1022.2,1019.8,11.3,16.8
5,2013,Western Australia,10.7,20.8,6.22,37.8,79.8,58.9,1016.3,1014,15.3,19.5
5,2014,Australian Capital Territory,2.8,17.5,0.54,31.1,86.4,55.2,1023,1019.9,8.7,16.2
5,2014,New South Wales,11,21.5,0.96,31.8,70.7,50.8,1022,1019.2,15.2,20.3
5,2014,Northern Territory,15.9,29.4,0.37,34.4,67,37.2,1016.8,1013.1,21.4,28.5
5,2014,Queensland,17.6,26.4,1.45,35.8,69.4,60.2,1020.2,1017.2,22.1,24.6
5,2014,South Australia,10.2,19.8,1.89,34.2,73.6,54.5,1019.9,1017.7,14.5,18.8
5,2014,Tasmania,7.7,15.6,0.99,47.4,73.7,57.5,1015.9,1014.3,10.4,14.5
5,2014,Victoria,8.8,19.1,1.53,35.5,82.2,59.5,1020.8,1018.6,12.7,18
5,2014,Western Australia,12.2,20.5,4.56,37.6,83.1,66.5,1017.2,1015.4,15.9,19
5,2015,Australian Capital Territory,2.7,16.1,0.29,35.5,76.8,53.1,1022.9,1020.2,8.6,14.9
5,2015,New South Wales,10.1,19.8,3.23,36.9,73,55.3,1022.1,1019.4,14.3,18.7
5,2015,Northern Territory,12.9,27.9,0.32,36.8,51.2,30.9,1019.7,1016,19.4,27.1
5,2015,Queensland,16.7,26.6,4,35.4,64.9,54.9,1019.4,1016.2,22,25.2
5,2015,South Australia,8.9,17.7,1.77,39.6,75.1,57,1023.4,1021.4,12.8,16.6
5,2015,Tasmania,6.8,14.6,2.45,55.1,69.1,56.9,1013.7,1012,9.8,13
5,2015,Victoria,7.6,17.4,2.04,40.6,82.7,59.9,1022,1019.9,11.3,16.2
5,2015,Western Australia,9.1,20.1,2.9,36.1,75.2,54.2,1023.8,1021.5,14.1,19
5,2016,Australian Capital Territory,4.3,17.2,1.42,41,77.8,52.4,1017.8,1015.1,10.1,16.1
5,2016,New South Wales,10.9,21.8,1.28,34.9,67.9,50,1018,1015.1,15.7,20.6
5,2016,Northern Territory,15.8,28,2.1,32.7,63.9,40.3,1017,1013.8,20.5,26.8
5,2016,Queensland,18.6,27.8,2.71,32.1,67,57.8,1017.8,1014.6,23.3,26.3
5,2016,South Australia,10.4,19.2,2.36,41,73.7,56.6,1017,1014.8,14,18
5,2016,Tasmania,8.7,15.6,3.1,57.6,68.4,53.6,1007.2,1005.4,11.2,14.3
5,2016,Victoria,8.9,18.7,1.87,43.8,77.4,57.4,1015.8,1013.7,12.8,17.6
5,2016,Western Australia,9.9,19.8,4.18,37.3,81.6,58.2,1017.4,1015.8,14.6,18.7
5,2017,Australian Capital Territory,1.9,16.3,1.54,29.3,82.3,53.6,1024,1021.1,8.1,15.2
5,2017,New South Wales,10.1,20.6,1.27,31.6,74.2,53.5,1023.1,1020.5,14.7,19.6
5,2017,Northern Territory,12.5,28.1,0.01,35.5,49.1,27.5,1018.9,1015.2,19.2,27.2
5,2017,Queensland,17.3,26,2.87,34.6,73.6,64,1019.6,1016.6,21.9,24.6
5,2017,South Australia,7.8,18.4,1.38,33,73.1,51.9,1023.1,1020.9,12.7,17.4
5,2017,Tasmania,7.6,14.7,0.92,36.4,75.5,62,1019.7,1018.5,10,13.3
5,2017,Victoria,7.1,17.4,1.18,32.7,85.8,60.6,1022.9,1020.9,11,16.3
5,2017,Western Australia,10.6,21.6,2.58,35.7,77.6,55.7,1020.2,1018.2,15.3,20.2
6,2008,Australian Capital Territory,4.4,14.5,0.73,33.3,83.7,59.8,1026,1023.4,8.2,13.4
6,2009,Australian Capital Territory,3.5,12.6,1.09,28.2,88.1,62.8,1019.7,1017,6.6,11.6
6,2009,New South Wales,8.2,17.3,3.46,32.5,79.1,60.9,1018.5,1015.8,11.9,16.2
6,2009,Northern Territory,13.2,26.1,0.04,33.5,58.2,32.1,1017.1,1013.6,18.6,25.4
6,2009,Queensland,13.9,24.4,1.96,33.6,68.3,55.1,1017.7,1014.5,19.4,23
6,2009,South Australia,7,15.8,1.58,35.9,80.7,60.3,1015.9,1013.8,10.2,14.7
6,2009,Tasmania,5.3,12.8,3.83,31.2,89.6,75.5,1016.5,1014.5,7.7,11.9
6,2009,Victoria,5.6,15,1.78,34.7,87.6,66.5,1016.8,1014.3,8.8,13.9
6,2009,Western Australia,8.8,18,6.27,41.8,80.6,62.4,1015.3,1013.5,12.6,16.6
6,2010,Australian Capital Territory,1.3,13.4,1,29.6,84.5,54.9,1025.2,1022.5,6.2,12.2
6,2010,New South Wales,7.2,16.8,2.71,34.9,76.3,57.7,1023.6,1021.3,11.2,15.9
6,2010,Northern Territory,11.8,25.1,0,37.7,56.1,33.2,1019.8,1016.3,17,24.4
6,2010,Queensland,15,24.4,0.43,32.9,66,54.5,1020.1,1017.3,19.5,23
6,2010,South Australia,5.7,14.9,1.59,32.7,84,60.3,1025.3,1023.2,9.3,13.9
6,2010,Tasmania,3.9,13.4,1.97,34.9,85.3,63.2,1019.8,1018.1,6.6,12.2
6,2010,Victoria,5.1,14.4,2.19,35.8,88,65.4,1023.4,1021.6,8.4,13.3
6,2010,Western Australia,7.6,18.2,2.41,31.9,80.7,57.8,1025,1022.8,11.8,17
6,2011,Australian Capital Territory,1.2,13.4,0.37,37.8,77.7,52.8,1022.9,1020.9,6.8,11.8
6,2011,New South Wales,7.2,17.3,3.17,39.2,74.3,54.6,1021.5,1019.2,11.3,16.2
6,2011,Northern Territory,9.4,24.2,0.16,35.6,59.6,30.6,1019.2,1015.6,15,23.6
6,2011,Queensland,12.6,23.3,0.98,33.5,63.9,49.5,1018.5,1015.5,18.1,22.1
6,2011,South Australia,6.7,15.8,1.42,37.9,78,58.3,1023.4,1021.4,10.4,14.8
6,2011,Tasmania,4.2,13.2,3,41.9,83.3,64.8,1016.9,1015.5,7.3,12.3
6,2011,Victoria,5.6,15.3,2.24,40.8,84.1,62.6,1022.3,1020.5,9.1,14.2
6,2011,Western Australia,10.3,19,5.09,41.8,75.5,57.9,1020.4,1018.1,13.8,18
6,2012,Australian Capital Territory,1.1,12.8,1.62,32.2,86.9,58.6,1021.3,1018.8,6.2,11.8
6,2012,New South Wales,7.2,16.9,4.11,33.3,78.7,60.2,1020.6,1018,11.2,15.8
6,2012,Northern Territory,9.8,24.8,0,37,52.5,28.4,1019.1,1015.4,16.3,23.9
6,2012,Queensland,14.1,23.1,3.08,32.9,71.9,58.2,1017.8,1014.7,18.4,21.9
6,2012,South Australia,6.1,14.8,2.74,38.6,79.1,60.6,1022.2,1020.1,9.6,13.6
6,2012,Tasmania,4,12.8,1.61,37.8,83.8,62.7,1018.4,1016.7,6.7,11.8
6,2012,Victoria,5.4,14.3,2.83,39.1,84.7,66.8,1020.6,1018.4,8.7,13.1
6,2012,Western Australia,10.4,18.8,5.3,41.9,78,61.5,1018.4,1016.6,13.6,17.4
6,2013,Australian Capital Territory,1.8,13.6,2.8,31.1,86.1,59,1022,1019.6,6.3,12.7
6,2013,New South Wales,8.5,17.1,5.86,34,81.2,64.7,1020.5,1018.2,11.8,16
6,2013,Northern Territory,13.3,25.3,0.18,35.6,61.4,37.2,1018.3,1014.9,17.8,24.5
6,2013,Queensland,14.9,23.9,1.94,33.5,69.5,57.1,1018.2,1015.2,19.3,22.4
6,2013,South Australia,6.9,15.5,2.21,33.4,84.7,63.6,1022.4,1020.4,10.3,14.7
6,2013,Tasmania,5.3,13.6,1.36,36.1,83.8,66.2,1020.8,1019.3,7.8,12.7
6,2013,Victoria,5.6,15,2.95,31.9,89.5,67.3,1022,1020.1,8.8,14
6,2013,Western Australia,8.2,19,2.49,33.1,81.3,57.6,1022.2,1019.8,12.5,17.9
6,2014,Australian Capital Territory,3.1,13.2,2.11,35.4,87.1,66.3,1021.5,1019.2,7.3,12
6,2014,New South Wales,8.5,17.5,2.5,37.7,76.2,57.1,1020.8,1018.4,12,16.6
6,2014,Northern Territory,10.4,25.5,0,40.1,55.5,33.8,1019.9,1016.3,16.5,24.6
6,2014,Queensland,15.5,24.4,1.42,35.8,67.7,55.8,1019.2,1016.1,19.7,23.1
6,2014,South Australia,7.7,15.7,2.89,39.6,83.1,64.5,1021.6,1019.8,10.9,14.7
6,2014,Tasmania,6.4,13.3,0.69,40.5,77.2,61.2,1015.6,1014.2,8.8,12.3
6,2014,Victoria,7.1,15.3,2.69,40.5,86.3,69.1,1019.5,1017.9,10.1,14.2
6,2014,Western Australia,8.4,18.6,3.98,35.7,77.2,58.7,1023,1021.1,12.9,17.5
6,2015,Australian Capital Territory,-0.6,13.6,1.94,27.1,87.3,57.5,1027.6,1025,4.6,12.4
6,2015,New South Wales,7.8,17.3,2.44,30.3,79,60.9,1026.2,1023.9,11.4,16.3
6,2015,Northern Territory,12.1,26.6,0.02,36.7,60.4,33.8,1020.5,1016.8,17.6,25.8
6,2015,Queensland,16,24.2,2.62,37,73.6,61.7,1021.8,1019.1,19.9,22.8
6,2015,South Australia,6.9,15.3,0.68,31.9,79.6,59.5,1026.5,1024.5,10.1,14.4
6,2015,Tasmania,5.3,12.9,1.47,47.9,73.8,59.7,1022.1,1020,7.8,11.9
6,2015,Victoria,5.2,14.4,1.66,32.5,89.5,66.3,1026.4,1024.3,8.4,13.6
6,2015,Western Australia,9.9,19.8,3.39,36.8,79,58.6,1021.6,1019.6,13.8,18.6
6,2016,Australian Capital Territory,3.1,12.9,5.47,34.5,85.2,64.1,1018.9,1016.4,6.8,11.8
6,2016,New South Wales,9.1,17.4,7.32,39.2,76.2,59.6,1018.5,1015.9,12.4,16.2
6,2016,Northern Territory,13.8,24.5,1.91,32.3,73.1,48.6,1018.2,1015,17.7,23.5
6,2016,Queensland,16.2,24.4,5.8,36.2,70.3,60.3,1018,1015,20.1,23.1
6,2016,South Australia,7.2,15,3.41,38,83.3,65,1018.5,1016.7,10.5,14
6,2016,Tasmania,6.5,13.5,3.85,46.1,76.2,64.2,1012.1,1010.8,9,12.1
6,2016,Victoria,6,14.5,2.96,37.6,87,69.3,1017.6,1015.6,9,13.5
6,2016,Western Australia,9.1,17.6,4.56,36.2,81.5,64.9,1019.1,1017.2,12.3,16.4
6,2017,Australian Capital Territory,-0.7,13.8,0.08,26.1,88.1,55.1,1028.9,1026.1,4.7,13.1
6,2017,New South Wales,7.6,18,3.65,32.1,80.8,59.9,1026.8,1024.3,11.5,17.1
6,2017,Northern Territory,8.3,24.6,0,36.8,49.7,26.4,1023.1,1019.4,14.4,23.8
6,2017,Queensland,14.9,24.1,2.21,36.9,67.8,57.6,1021.2,1018.4,19.4,22.8
6,2017,South Australia,4.4,16.7,0.23,25.4,80.3,53.1,1029.8,1027.4,9.2,15.9
6,2017,Tasmania,6.3,14.4,0.21,45.9,70.8,53.3,1022.8,1020.6,8.8,13.4
6,2017,Victoria,5,15.3,1.66,27.6,91.9,66.4,1028.5,1026.2,8.3,14.4
6,2017,Western Australia,9.3,20.7,2.97,33,75.3,52.7,1024.2,1022,13.8,19.7
7,2008,Australian Capital Territory,-0.1,11.7,1.47,39,83.9,57.7,1021,1018.5,4.2,10.6
7,2008,Northern Territory,18.1,31.2,0,40.9,53.1,30.7,1015.4,1011.5,23.2,29.9
7,2008,Queensland,10.4,20.8,2.63,28.7,67.9,50.2,1020.9,1017.6,14.8,19.7
7,2008,South Australia,7,14.5,3.36,38.5,73.1,58.9,1021.1,1019.6,10.7,13.5
7,2008,Tasmania,3.9,11.7,1.56,39.9,78.3,59.7,1015.3,1014.4,6.1,10.6
7,2008,Victoria,6.8,14.2,1.43,51.6,76.3,53.1,1018.7,1016.9,8.8,13.3
7,2008,Western Australia,7.3,17.9,5.79,36.3,82.7,61,1019.1,1017.2,11.7,16.5
7,2009,Australian Capital Territory,1.4,12.5,1.01,38.1,79,55.7,1019.1,1016.8,6.2,11.3
7,2009,New South Wales,6.3,16.8,1.26,35.6,72.7,52.9,1019,1016.7,10.9,15.7
7,2009,Northern Territory,12,25.9,0,37.4,50.9,29.9,1018.9,1015,17.8,24.9
7,2009,Queensland,12.8,24,0.13,36,61.8,48.5,1018.6,1015.4,18.6,22.5
7,2009,South Australia,7.1,15.1,2.74,41.7,77.2,60.7,1018,1016.3,10,14.1
7,2009,Tasmania,4,12.8,2.29,42.7,81.8,62.9,1011.9,1010.4,7,11.6
7,2009,Victoria,5.3,14.6,2.01,42.6,81.5,60.2,1017,1015.1,8.6,13.6
7,2009,Western Australia,7.7,17.1,5.35,39.3,80.4,59.4,1020.3,1018.5,11.5,15.9
7,2010,Australian Capital Territory,0.4,12.8,2.44,29.6,90.2,56.1,1025.1,1022.6,5.1,11.8
7,2010,New South Wales,7,16.2,2.93,33.7,78.9,61.4,1025,1022.6,10.7,15.2
7,2010,Northern Territory,14.4,25.1,1.66,39.4,68.5,45,1019,1015.8,18.1,24.1
7,2010,Queensland,16.1,24.4,1.09,35.5,69.9,59.8,1021.5,1018.7,19.9,22.7
7,2010,South Australia,5.1,14.8,1.76,33.7,83.4,58.5,1024.9,1022.7,8.8,13.8
7,2010,Tasmania,3.6,13.6,1.32,30.4,86.3,61.5,1021.3,1019.4,6.3,12.8
7,2010,Victoria,4.8,14.1,1.86,32.6,88.8,67.2,1024.4,1022.2,8.1,13.1
7,2010,Western Australia,6.5,17.4,4.66,35.8,80,58.8,1022.1,1020,11,16.1
7,2011,Australian Capital Territory,-0.2,12.3,1.02,40.1,81.7,51,1022.5,1020.1,4.8,11.1
7,2011,New South Wales,6.2,16.4,3.55,38,73,52.1,1021.7,1019.2,10.3,15.3
7,2011,Northern Territory,12,26,0.12,37.2,61.9,33.3,1019.1,1015.4,17.4,25.2
7,2011,Queensland,12.2,23.5,0.42,35.4,61.8,46.9,1020.1,1017,18.1,22.2
7,2011,South Australia,6.6,15,1.86,37.8,78.9,58.8,1022.7,1020.7,9.8,14
7,2011,Tasmania,3.6,12.3,1.43,43.5,79.2,60.1,1016.5,1015,6.5,11.4
7,2011,Victoria,5.5,14.2,2.4,42.4,81.5,62,1021.2,1019.2,8.6,13.3
7,2011,Western Australia,8.6,17.5,6.58,38.5,83,63.4,1018.9,1017.1,12.3,16.2
7,2012,Australian Capital Territory,-0.4,12.9,1.04,33,86.2,51.8,1023.9,1021.1,4.7,11.8
7,2012,New South Wales,6.6,16.5,1.82,36.1,76.7,55.5,1023.8,1021.2,10.6,15.5
7,2012,Northern Territory,9.2,24.9,0,38.9,46.5,27.6,1019.5,1015.7,15.8,23.9
7,2012,Queensland,14.2,23.1,2.24,35.5,67.8,56.5,1020.2,1017.1,18.3,21.8
7,2012,South Australia,5.8,14.8,1.52,35.1,80.1,56.9,1024.5,1022.5,9.4,13.8
7,2012,Tasmania,3.5,12.9,0.96,33,87.3,66.6,1019.9,1018.2,6.1,11.9
7,2012,Victoria,5.2,14.6,2.2,35.5,86.4,63.2,1023.5,1021.5,8.5,13.5
7,2012,Western Australia,6.2,18.5,1.52,33.5,74.5,50.8,1024.3,1021.7,11.2,17.6
7,2013,Australian Capital Territory,1.6,12.9,1.4,30.4,86.7,60.6,1025.6,1023.2,5.9,11.8
7,2013,New South Wales,7.9,18,1.31,33.3,75.8,55.3,1024.6,1022,11.9,16.9
7,2013,Northern Territory,10.7,26.2,0.35,39.4,57,31.1,1019.5,1015.5,16.7,25.2
7,2013,Queensland,15.3,24,1.71,37.6,71.2,59.4,1021.6,1018.8,19.4,22.4
7,2013,South Australia,6.9,15.5,3.09,39.7,80.5,61,1021.8,1019.7,10.2,14.4
7,2013,Tasmania,5,13.6,3.73,39.4,83.2,66,1016.5,1015.4,7.7,12.4
7,2013,Victoria,5.6,15.3,2.39,38.2,86.5,63.3,1022.4,1020.1,8.9,14.2
7,2013,Western Australia,7.1,17.8,5.18,39.1,79.4,58.2,1021.2,1018.8,11.6,16.5
7,2014,Australian Capital Territory,0.4,12.1,0.58,35.6,85.6,60.4,1021.3,1018.7,5,11
7,2014,New South Wales,6.1,17.1,0.5,37.2,69.5,48.4,1021,1018.1,10.4,16.2
7,2014,Northern Territory,9.5,26.1,0.24,35.5,57.2,28.4,1020.1,1016,16,25.1
7,2014,Queensland,11.9,23.9,0.36,33.9,60.6,45.9,1020.6,1017.2,18,22.5
7,2014,South Australia,6.4,14.9,2.19,43.1,77.5,60.1,1020.2,1018.1,9.7,13.9
7,2014,Tasmania,5.9,13.3,3.3,43.9,79.4,63.6,1014.1,1011.6,7.9,12.2
7,2014,Victoria,5.2,14.5,1.28,42.3,84.2,64.4,1019.1,1016.8,8.5,13.5
7,2014,Western Australia,9,17.4,5.94,42,83,64.1,1019.6,1018.2,12.5,16.1
7,2015,Australian Capital Territory,-0.4,11.2,1.4,32.3,84.8,59.2,1023.4,1021,4.3,10.1
7,2015,New South Wales,5.8,15.9,1.4,34.8,76.2,54.3,1023.2,1020.7,9.7,14.9
7,2015,Northern Territory,9.8,25.5,0.08,37,52.8,30,1021.8,1018,16,24.6
7,2015,Queensland,13.5,23.4,0.9,36.3,66.8,52.7,1022,1018.7,18.2,22.2
7,2015,South Australia,5.2,14.2,1.8,39.6,78.2,57.4,1023.8,1021.6,8.7,13.1
7,2015,Tasmania,4.4,12,0.79,48.4,70.1,54,1016,1014.3,7.1,11
7,2015,Victoria,3.9,13.4,1.64,40.9,85.5,62.9,1022.6,1020.3,7.4,12.4
7,2015,Western Australia,9,17.9,3.78,35.8,81.4,65.1,1023.9,1021.7,12.6,16.6
7,2016,Australian Capital Territory,2.2,12.6,2.19,38,86.7,62.6,1020.2,1017.9,6.2,11.8
7,2016,New South Wales,7.9,17.3,2.37,36.5,75.8,57.8,1020.3,1017.8,11.8,16.3
7,2016,Northern Territory,10.2,24.2,0.23,36.3,60.2,34.1,1020.6,1017,15.4,23.1
7,2016,Queensland,15.3,24.3,1.5,32.6,69.2,56.6,1019.5,1016.4,19.5,23.1
7,2016,South Australia,6.5,14.9,2.75,42.1,80.5,63.3,1020.4,1018,9.8,13.8
7,2016,Tasmania,6.2,13.2,2.55,62.4,68,56.8,1010.3,1008.6,9,11.7
7,2016,Victoria,6.3,14.4,2.6,43.9,85.2,67.6,1018.6,1016.7,9.4,13.3
7,2016,Western Australia,7.7,16.8,5.26,41.2,78.1,63.2,1020.5,1018.4,11.3,15.4
8,2008,Australian Capital Territory,0.3,12.8,0.57,43.8,69.9,48.8,1021.4,1018.9,6.4,11.2
8,2008,Northern Territory,19.6,32.6,0,43.1,47.1,30,1015.6,1011.5,24.1,31
8,2008,Queensland,8.9,21.6,0.51,31.3,53.5,38.5,1022.4,1018.7,15.2,20.5
8,2008,South Australia,5.9,14.6,4.03,35.8,75.5,57.9,1027,1025.5,10,13.5
8,2008,Tasmania,4.6,13.7,1.25,42.2,70.3,52.7,1016.1,1014.3,8.1,12.2
8,2008,Victoria,7.3,14.7,1.45,46.6,71.8,55,1021.5,1019.8,9.6,13.4
8,2008,Western Australia,5.7,19.9,0.99,31.7,61.2,40.9,1026.7,1023.9,12.5,18.9
8,2009,Australian Capital Territory,1.6,14.7,1.03,39.9,73.6,49.6,1017.5,1014.4,7.2,13.5
8,2009,New South Wales,7.6,20.1,0.43,39.1,61.6,44.8,1018,1014.7,13.5,18.8
8,2009,Northern Territory,15.2,30.1,0.18,40.7,45.5,28.1,1017,1013.1,22.4,28.8
8,2009,Queensland,14.4,26.5,0.13,33.7,62,50.8,1019,1015.5,21.2,24.6
8,2009,South Australia,7.9,17.9,1.88,46.9,70.6,50.9,1015.8,1013.4,12.1,16.9
8,2009,Tasmania,6.9,14.2,4.11,54.6,76,63.1,1007.1,1005.4,10,12.7
8,2009,Victoria,6.4,16.9,1.69,51.6,73.7,51.9,1014.5,1012.1,10.6,15.8
8,2009,Western Australia,8.9,18,4.4,42.4,81.9,62.1,1016.3,1014.6,13,16.6
8,2010,Australian Capital Territory,1.8,12.4,1.73,41.6,74.2,56,1016.9,1014.1,6.6,10.7
8,2010,New South Wales,6.7,16.7,1.41,41.1,67.2,50,1017.8,1014.9,11.7,15.7
8,2010,Northern Territory,13.6,26.3,0.26,39.4,58.6,36.3,1017.9,1014.2,18.9,25.1
8,2010,Queensland,14.8,24.5,2.46,35.3,61.5,51.8,1018.5,1015.1,19.9,23.2
8,2010,South Australia,6.2,14.5,3.21,46.7,77,58.4,1018.1,1016.2,9.8,13.3
8,2010,Tasmania,4.5,13.6,3.73,41.2,78.5,61.4,1011,1009,7.9,12.2
8,2010,Victoria,5.3,14.2,2.82,46.7,79.2,59.8,1016.2,1013.9,9,13
8,2010,Western Australia,6.7,18.1,2.49,34.7,73,54,1021.3,1018.8,12.3,17
8,2011,Australian Capital Territory,1.6,16,2.18,33.5,80,47.8,1023.5,1020.4,7.6,14.9
8,2011,New South Wales,8.2,19.1,2.06,34.5,72.9,53.6,1022.2,1019.4,13.1,18
8,2011,Northern Territory,11.9,28.6,0,39.1,48.4,23.4,1019,1014.8,20.2,27.4
8,2011,Queensland,13.6,24.6,1.71,37,62.9,52.2,1020.3,1017,19.6,22.9
8,2011,South Australia,7.8,17.7,2.41,39.4,73.2,51.9,1020.2,1018,12.3,16.7
8,2011,Tasmania,7.4,14.8,2.38,40.4,82.7,66.7,1020.2,1018.1,10,13.7
8,2011,Victoria,6.2,17,1.76,36.5,81.8,59.2,1021.2,1019,10.8,15.9
8,2011,Western Australia,9.2,18.9,4.59,42.5,75,57.9,1019.4,1017.4,14,17.5
8,2012,Australian Capital Territory,0,13.5,1.22,46.1,70.9,47.6,1018.3,1015.8,6.5,11.9
8,2012,New South Wales,6.2,18.5,0.65,41.5,59.9,41,1019.1,1016,11.9,17.2
8,2012,Northern Territory,11.1,28.1,0,38,45.2,24.2,1019.4,1015.1,19.4,26.7
8,2012,Queensland,13,24.7,0.06,32.5,59.5,45.9,1020,1016.4,19.4,23.3
8,2012,South Australia,6.1,15.9,1.79,46.2,72.4,52.9,1019.8,1017.6,10.6,14.7
8,2012,Tasmania,4.5,13.8,2.06,43.2,78.7,61,1011.7,1009.8,8.1,12.4
8,2012,Victoria,5.2,15.3,1.8,48,75.3,55.3,1017.5,1015.3,9.5,14.2
8,2012,Western Australia,8.3,20,3.06,35.9,74.7,52.3,1020.6,1018.4,13.6,18.8
8,2013,Australian Capital Territory,2.6,14.7,0.92,43,75.5,51,1017.2,1014.7,8,13.4
8,2013,New South Wales,7.9,19.7,0.69,39.7,61,43.4,1017.7,1014.7,13.5,18.5
8,2013,Northern Territory,11.6,29.8,0.02,36.5,45.8,23.2,1018.2,1014,20.2,28.5
8,2013,Queensland,13.4,25.9,0.05,33.3,60.2,46.6,1018.9,1015.3,20.6,24.4
8,2013,South Australia,7.8,17.3,2.8,48.3,74.5,54.9,1016.5,1014.4,11.9,16.1
8,2013,Tasmania,5.1,14.1,4.58,50.3,76.5,60.6,1006.6,1004.6,8.8,12.7
8,2013,Victoria,6.6,16.6,2.38,50.1,75.1,56.1,1014.7,1012.4,10.8,15.4
8,2013,Western Australia,10.2,19.1,6.19,42,80.5,63.7,1017.5,1015.8,14.6,17.7
8,2014,Australian Capital Territory,-0.4,14.1,0.88,34.1,77.6,49.3,1028.2,1025.2,5.8,13.1
8,2014,New South Wales,6.8,17.5,4.35,36.5,71.1,53.5,1026.4,1023.9,11.6,16.5
8,2014,Northern Territory,9.2,27.1,0,41.2,39.3,19.7,1021.7,1017.5,17.6,26
8,2014,Queensland,14.3,24.3,2.95,40.2,63.3,52.8,1021,1017.9,19.8,22.6
8,2014,South Australia,5.2,16.8,0.69,34.4,66.7,44.8,1028.8,1026.5,10.7,15.7
8,2014,Tasmania,5.4,14.6,1.49,40.2,69.8,53.6,1025.1,1023.3,8.6,13.4
8,2014,Victoria,4.9,15.9,2.07,34.6,82.9,57.8,1027.7,1025.5,9.3,14.8
8,2014,Western Australia,10,20.1,3.79,38.7,74.5,55.8,1023,1021,14.3,19
8,2015,Australian Capital Territory,1.1,13.7,2.42,37.5,80.2,57,1021.3,1018.5,6.6,12.3
8,2015,New South Wales,7.3,17.8,2.26,36.1,67.8,52.5,1021,1018.3,12.3,16.6
8,2015,Northern Territory,10.9,26.3,0.02,38.8,49.1,27.4,1021.2,1017.2,17.7,25
8,2015,Queensland,14.1,25.1,0.7,32.8,62.7,52.8,1020.8,1017.4,20.2,23.4
8,2015,South Australia,6.7,15.7,1.5,39.1,75.8,55.4,1022.6,1020.5,10.6,14.4
8,2015,Tasmania,3.7,12.4,2.06,49,69.8,55.2,1016.2,1014.8,6.8,10.9
8,2015,Victoria,5.2,14.9,1.19,39.7,82.2,59.1,1021,1018.9,9.3,13.8
8,2015,Western Australia,8.8,18.4,3.79,37.4,79.8,60.1,1022.2,1020.1,13.1,17.2
8,2016,Australian Capital Territory,1.2,14.2,1.36,35.3,81.1,51.1,1022.9,1020,6.8,13.1
8,2016,New South Wales,7.6,18.3,2.93,35.9,71.1,54.4,1022.5,1019.7,12.6,17.1
8,2016,Northern Territory,11,25.9,0.53,40.4,52,29,1018.5,1014.7,17.4,24.7
8,2016,Queensland,14.8,24.6,1.3,36.1,66.5,55.8,1020.2,1017,19.8,23
8,2016,South Australia,6.3,17,1.9,40.7,70.8,50.8,1020.8,1018.5,11.2,15.7
8,2016,Tasmania,5.6,14.2,0.49,49,64.8,50.3,1015.5,1013.5,8.9,13
8,2016,Victoria,5.8,15.8,1.87,38.9,81.3,59.2,1020.9,1018.5,9.8,14.7
8,2016,Western Australia,7.7,16.7,5.23,42.3,78.8,61.5,1018.1,1016.1,11.8,15.4
9,2008,Australian Capital Territory,3.9,18,1.36,44.9,60.7,35.7,1020.5,1017.2,11.3,17
9,2008,Northern Territory,23.2,33.3,0.17,37.5,66.9,48.9,1013.8,1009.8,27.9,31.3
9,2008,Queensland,14.5,24.6,1.85,31.7,64.2,57.5,1020.4,1016.8,20.4,22.6
9,2008,South Australia,9.5,20.2,0.62,39.8,51.4,37.1,1019.8,1017.6,15.2,19.2
9,2008,Tasmania,7.1,16.2,0.96,61.3,53.7,44.5,1010.5,1009.3,11.6,14.2
9,2008,Victoria,9.7,19.4,0.4,55.2,53.6,39,1018.4,1015.9,13.2,17.8
9,2008,Western Australia,9.6,20.4,2.61,38.9,65.4,52.5,1018.2,1016.3,15.6,19
9,2009,Australian Capital Territory,3.8,17.6,2.19,39.8,68.4,46.1,1014.8,1011.7,10.7,16.5
9,2009,New South Wales,9.6,22.3,0.85,43.3,56,43.5,1015.9,1012.6,16.4,20.6
9,2009,Northern Territory,19.1,31.7,0.67,42.8,45.5,32.1,1015.4,1011,25.1,30.3
9,2009,Queensland,16.6,27.9,0.36,35.3,55,47.6,1017.6,1013.8,23.5,26
9,2009,South Australia,8.8,19.4,2.21,48,60.3,45.6,1014.5,1012.1,14.2,17.8
9,2009,Tasmania,6.6,15.8,3.48,50.3,72.2,59.8,1008.5,1006.7,11.1,14.1
9,2009,Victoria,7.4,18.8,2.08,49.6,66.2,49.6,1013.6,1011,12.9,17.3
9,2009,Western Australia,8.8,17.4,4.04,46.7,71.2,59.4,1017.1,1015.4,13.3,15.6
9,2010,Australian Capital Territory,3.8,16.6,2.83,42,68.1,47.2,1019,1016,10.4,15.3
9,2010,New South Wales,9.6,20.1,1.81,39.5,66.6,54,1019.4,1016.5,15.2,18.6
9,2010,Northern Territory,17.1,28.2,1.48,41.4,65,48.2,1016.3,1012.6,22.1,26.6
9,2010,Queensland,19.1,27,3.12,34.3,68.7,62.4,1018.4,1015.2,23.4,25.1
9,2010,South Australia,8,16.6,2.31,41.5,71.2,56.9,1021,1018.8,12.2,15.2
9,2010,Tasmania,5.8,15,2.87,48.8,68,54.1,1012,1011,10.3,13.3
9,2010,Victoria,6.9,16.4,1.97,43.1,73.6,58.3,1019.4,1017.2,11.7,15.1
9,2010,Western Australia,8.1,20.6,1.57,39.3,62,46.1,1024,1021.3,14.7,19.4
9,2011,Australian Capital Territory,2.2,18.1,1.31,45.3,63,43.1,1019,1016,11,16.4
9,2011,New South Wales,9.7,21.5,2.15,43.2,59.1,46.7,1019.5,1016.3,16,19.8
9,2011,Northern Territory,15.3,30.5,0.06,40.3,43,28.4,1017.2,1012.9,23.3,29.2
9,2011,Queensland,15.2,26.1,0.43,37.5,56.6,50.1,1019.8,1016,21.8,24.1
9,2011,South Australia,8.6,20.6,1.04,45.2,55.1,42.6,1019,1016.3,14.8,19.1
9,2011,Tasmania,6.1,16.5,1.28,45.4,68,52.1,1013.2,1011.6,11.1,14.9
9,2011,Victoria,7,19.1,2.22,47.1,68.3,48.9,1018.2,1015.5,13,17.6
9,2011,Western Australia,8.9,19.3,3.65,41.7,71,55.4,1021.4,1019.4,14.5,17.8
9,2012,Australian Capital Territory,2.3,18.1,1.33,43.5,66.4,42,1017.8,1014.6,10.2,16.7
9,2012,New South Wales,9,21.9,0.69,41.4,55.7,42.9,1018.2,1015,16.1,20.2
9,2012,Northern Territory,15.8,31.6,0.42,38.7,45.3,27.2,1016.6,1012.2,24.1,30
9,2012,Queensland,16.1,26.7,0.32,34.9,58.9,53.6,1018.9,1015.1,22.6,24.7
9,2012,South Australia,8,19.9,0.93,46.4,57,42.1,1018.1,1015.5,14.2,18.5
9,2012,Tasmania,6.4,16.1,2.67,48.7,69.1,57.7,1010.8,1008.8,11.2,14.2
9,2012,Victoria,6.8,18.9,1.27,45.8,68.7,50.5,1016.7,1014.2,12.8,17.4
9,2012,Western Australia,9.2,21.5,3.14,45.4,62.6,48.3,1017.6,1015.5,16,20.1
9,2013,Australian Capital Territory,4.3,19.8,3.31,41,66.7,45.1,1016.6,1013.8,12.6,18.3
9,2013,New South Wales,11.3,24,1.32,41.7,57.2,43.4,1017,1013.5,17.9,22.4
9,2013,Northern Territory,17.4,34.1,0.01,41.6,40.5,23.3,1015.1,1010.5,25.8,32.9
9,2013,Queensland,17,27.7,0.78,37.5,61.1,54.5,1018.2,1014.5,23.7,25.8
9,2013,South Australia,10.8,22.4,1.14,48,59.2,44.6,1015.2,1012.4,16.6,21
9,2013,Tasmania,7.6,16.8,2.05,43.8,71,54.8,1011.4,1009.4,11.6,15.3
9,2013,Victoria,8.8,20.5,1.99,47.3,69.8,51.8,1015.4,1013,14.4,19
9,2013,Western Australia,10.6,19.1,7.18,49.2,72.5,64.4,1014.3,1013,15.5,17.2
9,2014,Australian Capital Territory,3.2,17.9,0.96,39.5,67.8,47.3,1020.9,1017.6,11.2,16.5
9,2014,New South Wales,9.7,21.3,1.32,41.2,62,45.9,1020.5,1017.2,15.7,19.9
9,2014,Northern Territory,15,32.7,0,39.9,41.3,23.4,1017.4,1012.8,23.8,31.4
9,2014,Queensland,15.5,26.3,0.91,36.7,58.2,51.3,1019.7,1016,22.3,24.6
9,2014,South Australia,8.6,20.6,0.66,43.8,57.1,38.5,1020.6,1018,15.1,19.4
9,2014,Tasmania,7.8,18.1,0.67,50.9,54.5,46.2,1014.7,1012.9,12.8,15.7
9,2014,Victoria,7.2,19.3,1.38,42.1,71.9,50.2,1020.2,1017.5,13.2,18.1
9,2014,Western Australia,10.1,20.8,2.58,39.3,71.2,56.7,1018.6,1016.6,15.7,19.5
9,2015,Australian Capital Territory,2,17.2,0.4,39,68.7,44.9,1023.5,1020.4,10.2,16
9,2015,New South Wales,9.2,20.5,1.93,40.8,63.9,50.7,1023,1020.1,15.3,19.1
9,2015,Northern Territory,12.7,29,0.04,39.1,38.4,22,1020.5,1016.1,21.1,27.7
9,2015,Queensland,15.8,26.4,0.96,38.6,58.2,52.6,1020.5,1017,22.4,24.3
9,2015,South Australia,7.3,18.9,1.21,38.3,59.5,44.9,1024.3,1021.9,13.7,17.7
9,2015,Tasmania,7.4,16.2,0.83,39.9,63.8,55.2,1020.4,1018.4,11.4,14.2
9,2015,Victoria,6.2,18.3,1.37,38.4,73.6,51.8,1023.7,1021.3,12.3,17
9,2015,Western Australia,9.1,20.9,2.02,39.8,64.1,49.6,1023.2,1021.2,15.4,19.4
9,2016,Australian Capital Territory,4.8,15.8,5.01,37.4,78.2,60.8,1015.4,1013,10.4,14.4
9,2016,New South Wales,10.6,19.9,3.1,38.8,70.3,58.7,1016.1,1013.3,15.4,18.5
9,2016,Northern Territory,15,27.6,1.44,41.1,56.5,40,1015.6,1011.6,20.6,26.2
9,2016,Queensland,18.1,26.6,1.94,36,66.7,60,1017.6,1014.2,23.1,25
9,2016,South Australia,7.5,17.1,3.75,41.8,70.1,57.2,1015.6,1013.2,12.5,15.7
9,2016,Tasmania,8,16.2,3.14,39.2,69.3,55.6,1012.2,1010.2,12.1,14.9
9,2016,Victoria,7.9,17,3.37,40.4,79.3,62.6,1014.9,1012.4,12.2,15.7
9,2016,Western Australia,7.3,17.4,3.11,43.1,70.9,58.7,1019.8,1017.5,12.7,15.7
10,2008,Australian Capital Territory,7.2,23,1.08,47.5,62.8,31.1,1020.9,1017.5,13.5,21.7
10,2008,Northern Territory,25.1,34.4,3.77,42.5,66.8,49.6,1013.1,1008.9,29.3,32.8
10,2008,Queensland,14.6,24.8,1.89,31.2,56.7,51.9,1022.1,1018.5,21.3,23
10,2008,South Australia,12.3,25.1,0.19,36.8,45.5,29.3,1021.2,1019.1,17.8,24
10,2008,Tasmania,9.1,19.4,0.73,52,56.4,43.2,1013.7,1012.6,13.5,16.9
10,2008,Victoria,11.6,22.1,0.46,50.4,54.6,38.7,1020.3,1018.3,15.3,20.6
10,2008,Western Australia,12.1,24,1.24,37.8,58.5,47.2,1019.4,1017.5,18.6,22
10,2009,Australian Capital Territory,6.8,18.8,2.43,38.5,71.7,50.3,1019.3,1016.6,11.4,17.3
10,2009,New South Wales,11.7,23.7,1.94,45.4,60.1,46.1,1018.7,1016,17.3,21.9
10,2009,Northern Territory,18.9,32.8,0.54,42.6,40.3,27.2,1015.9,1011.5,26.5,31.4
10,2009,Queensland,18.1,28.8,0.9,40.5,50.9,50.3,1018,1014.5,25.4,26.5
10,2009,South Australia,9.8,21.6,1.16,42.7,60.1,41.4,1020.9,1019.1,14.9,20.2
10,2009,Tasmania,6.8,17,1.64,40.8,69.3,53.2,1018.6,1017.1,11,15.3
10,2009,Victoria,8.6,19.8,1.23,43.3,70.9,51.2,1019.7,1018,13.4,18.3
10,2009,Western Australia,10.9,22,0.58,40.4,64,54.5,1020.1,1018,16.9,20.4
10,2010,Australian Capital Territory,7.6,19.6,4.1,37.3,75.5,52.2,1020.9,1018,12.9,18.4
10,2010,New South Wales,12.8,22.3,4.43,41.1,72.7,58.4,1020.1,1017.7,17,20.8
10,2010,Northern Territory,18.4,30,3.67,40,59.5,47.4,1014.2,1010.5,24.2,28.1
10,2010,Queensland,19,26.9,7.39,38.2,67.6,64.2,1017.7,1014.6,23.9,25
10,2010,South Australia,9.8,21.3,1.28,41,60.5,43.7,1020.1,1018.2,15,19.6
10,2010,Tasmania,8,18.6,1.57,43.3,70.2,53,1017.5,1015.2,12.2,17.1
10,2010,Victoria,8.9,20.3,3.12,41.8,75.1,54.4,1019.9,1017.9,13.7,18.8
10,2010,Western Australia,9.3,23.1,0.94,41.2,51.9,43.2,1020.2,1017.9,17.7,21.3
10,2011,Australian Capital Territory,6,20.6,0.9,37.6,69.8,44,1019.3,1016.5,12.2,19.2
10,2011,New South Wales,12.3,22.7,2.1,38.3,69.9,52.6,1018.5,1016.1,16.8,21.3
10,2011,Northern Territory,19.9,32.3,2.48,42,54.4,37.6,1013.8,1009.6,25.8,31.1
10,2011,Queensland,18.7,27.6,5,38.1,62.9,58,1016.5,1013.1,24.2,25.6
10,2011,South Australia,11.1,22,1.23,40.9,62.8,45.8,1018.7,1016.8,15.5,20.3
10,2011,Tasmania,7.4,17.8,1.69,38,71.8,52.2,1017.5,1015.8,11.6,16.4
10,2011,Victoria,9.3,20.7,2.05,39.6,74.3,53.7,1018.9,1017.2,13.9,19.1
10,2011,Western Australia,11.7,22.5,2.52,39.9,66.6,53.2,1016.8,1014.8,17.5,21
10,2012,Australian Capital Territory,3.8,20.9,2.06,42,64.7,37.6,1018.3,1015.3,12.2,19.8
10,2012,New South Wales,11.2,24.2,1.05,41.8,57.8,42.4,1018.6,1015.8,17.2,22.2
10,2012,Northern Territory,19,33.8,0.28,39.8,42,29.4,1014.8,1010.4,27.4,32.3
10,2012,Queensland,17.7,28.1,0.56,41,56.1,53.6,1017.9,1014.3,24.4,25.8
10,2012,South Australia,9.5,23.4,0.56,43.4,52.2,34.5,1020.1,1017.7,15.9,21.8
10,2012,Tasmania,7.1,18.1,0.66,41.2,68.5,50.9,1014.6,1012.4,11.9,16.5
10,2012,Victoria,8,21.2,0.92,42.5,67.6,46.5,1018.9,1016.8,14,19.6
10,2012,Western Australia,11.1,23.6,1.04,42.1,56.8,49.8,1018.4,1016.5,18.6,21.3
10,2013,Australian Capital Territory,4.1,21.9,0.42,46.4,57.3,34.9,1015.8,1013.1,12.9,20.2
10,2013,New South Wales,12.1,25.7,0.68,47.9,51.5,37,1016.3,1013.3,18.4,23.7
10,2013,Northern Territory,19.6,35,0.92,42.7,40.2,27.3,1015.1,1010.5,26.9,33.4
10,2013,Queensland,19.4,29.2,0.7,38.7,57.1,54.8,1017.2,1013.7,25.6,26.8
10,2013,South Australia,10,21.9,1.53,49.6,55.9,38.2,1017.5,1015.9,15.2,20.4
10,2013,Tasmania,8.2,17.6,3.11,53.6,64.7,50.7,1008,1006.6,12.4,15.9
10,2013,Victoria,8.7,20.9,1.78,50.3,66.3,48.5,1015.5,1014.1,13.8,19.1
10,2013,Western Australia,11,22.7,1.41,41.4,64.2,53.4,1019.1,1017.1,17.7,20.9
10,2014,Australian Capital Territory,6.3,22.5,1.54,43,64.7,41.6,1018.6,1015.5,13.5,21
10,2014,New South Wales,12.9,25.7,1.84,44.4,58.1,41.4,1018.4,1015.5,18.3,23.9
10,2014,Northern Territory,19.5,35.7,0.14,41.8,36,21.9,1015.4,1010.7,27.9,34.4
10,2014,Queensland,18.2,28.4,0.2,39.2,54.6,51.3,1018.5,1014.9,24.9,26.3
10,2014,South Australia,10.8,26,0.3,43.2,50.6,31.7,1018.8,1016.5,17.4,24.3
10,2014,Tasmania,8.8,18.4,1.71,54.2,60.8,46.4,1013.8,1011.9,12.4,16.6
10,2014,Victoria,9.3,23.2,1.02,44.8,69.2,43.6,1018.2,1015.9,14.7,21.5
10,2014,Western Australia,11.2,23.1,1.42,39.2,64.1,53.4,1018.1,1016,18.1,21.4
10,2015,Australian Capital Territory,8.7,24.8,1,40,68.7,39.9,1024.7,1021.7,15.4,23.4
10,2015,New South Wales,15.2,26.9,0.93,41.6,61.2,47.6,1023.9,1021.1,20.4,25.1
10,2015,Northern Territory,19.6,35.4,0.47,43.2,31.4,20.7,1018,1013.4,28.4,34
10,2015,Queensland,18.4,27.9,1.23,39.4,61.6,56.8,1022.7,1019.4,24.6,25.9
10,2015,South Australia,12.6,27.6,0.18,40.7,50,31.7,1022.1,1019.9,18.6,25.9
10,2015,Tasmania,8.8,19.7,0.46,51.3,58,42.3,1020.6,1018.6,13.4,18.3
10,2015,Victoria,10.4,25.8,0.5,41.3,64.7,40.1,1023.1,1020.7,16.6,24.1
10,2015,Western Australia,12.1,25.1,1.21,38.8,62.7,50.5,1019.6,1017.4,19.4,22.9
10,2016,Australian Capital Territory,5.6,18.6,1.4,45.4,67.5,48.7,1015.7,1013.2,11.6,17
10,2016,New South Wales,11.5,23,1.29,46.3,60.4,47,1016.4,1013.7,16.8,21.2
10,2016,Northern Territory,16.3,31.7,1.46,42,39.4,28.1,1015.2,1011.1,24.6,30.2
10,2016,Queensland,18.5,28.3,0.77,37.6,55.8,53.4,1017.4,1014,24.9,26.2
10,2016,South Australia,9,21,1.62,49.4,59.4,43.4,1015.4,1014,14.4,19.4
10,2016,Tasmania,8,17.2,2.69,61.5,59.3,47.6,1006.4,1004.9,11.8,15.5
10,2016,Victoria,8.2,19.8,2.28,49.6,69.5,51,1014.3,1012.6,13.1,18
10,2016,Western Australia,9.5,20.5,1.93,44.7,63,53.2,1017.7,1016,16.2,18.9
11,2007,Australian Capital Territory,11.8,25.1,3.18,41.3,69.3,42.2,1018.5,1015.5,16.8,23.7
11,2008,Australian Capital Territory,10.6,23.5,2.91,45.4,61.1,36.1,1011.5,1008.9,15.5,22
11,2008,Northern Territory,26.2,34.4,1.95,36.4,69.2,53.4,1010.1,1006.3,30.1,33.1
11,2008,Queensland,19.3,28.2,10.89,37.1,64.8,60,1012.8,1009.7,24.1,26
11,2008,South Australia,14.2,24.6,0.49,42.1,52.7,35.4,1012.9,1011.2,18.5,23.1
11,2008,Tasmania,9.5,18.2,2.45,50.5,61.8,56.7,1010,1008.3,13.5,16.1
11,2008,Victoria,12.6,23,1.81,50.6,61.7,44.5,1012.2,1010,15.9,21.2
11,2008,Western Australia,12.4,23.6,1.93,38.6,61.6,46.5,1014.2,1012.4,17.8,22
11,2009,Australian Capital Territory,12.5,28.6,0.44,42.9,60.6,34.8,1016.6,1013.5,18.7,26.9
11,2009,New South Wales,17.7,29.8,1.49,45.6,59.6,45,1015.7,1012.7,22.9,27.9
11,2009,Northern Territory,22.1,34.7,2.26,44.3,44.8,33.4,1011.9,1007.9,29.1,33.4
11,2009,Queensland,20.7,29.7,2.65,38.8,60.1,58.8,1015.7,1012.6,26.6,27.4
11,2009,South Australia,15.8,29.9,1.52,45.7,49.7,32.3,1015.7,1013.6,22.2,28.2
11,2009,Tasmania,11.3,21.2,2.08,44.5,71.6,57.5,1014.2,1012.6,15.3,19.5
11,2009,Victoria,14,27.6,2.41,43.7,63.6,43.4,1015.8,1014,19.7,25.7
11,2009,Western Australia,12.3,25.2,1.38,42.7,56.6,48.3,1016.3,1014.3,19.8,23.2
11,2010,Australian Capital Territory,9.7,22.4,4.18,35.8,71.8,52.4,1018.9,1016.4,16,21.1
11,2010,New South Wales,15.4,24.5,4.71,42.2,71.3,58.9,1018.4,1016.1,19.6,22.8
11,2010,Northern Territory,19.6,31.6,4.53,42.5,55.4,44.8,1012,1008.5,26.6,30
11,2010,Queensland,20.7,28.1,4.13,36.5,68.2,64.2,1015.6,1012.9,25.3,26.3
11,2010,South Australia,12.3,24.2,0.83,40.1,60,41.4,1017.9,1015.9,17.3,22.4
11,2010,Tasmania,9.9,19.8,2.48,39.4,67.4,58.3,1017.2,1015.5,14.4,17.8
11,2010,Victoria,11.7,22.9,3.14,41.2,71.7,55,1018.2,1016.2,16.6,21.2
11,2010,Western Australia,13.4,27.6,0.69,43.7,47.7,42.2,1016.7,1014.4,21.9,25.2
11,2011,Australian Capital Territory,10.6,25.2,5.19,43.5,71.3,43.1,1015.6,1013.2,16.9,23.4
11,2011,New South Wales,16.5,26.8,4.71,42.9,69.4,54.8,1015.6,1013.3,20.9,24.8
11,2011,Northern Territory,21.1,32.8,3.3,40,56.2,43.5,1011.6,1007.8,27.3,31.2
11,2011,Queensland,21.5,29.5,1.27,35.2,63.3,59.4,1015.5,1012.5,26.6,27.7
11,2011,South Australia,13.2,26.7,1.35,45.6,57.1,35.4,1015.4,1013.2,19,25
11,2011,Tasmania,10.4,20.8,2.98,45.1,66.7,53.4,1011.8,1009.9,14.6,19.1
11,2011,Victoria,12.7,24.6,3.53,43.8,72.3,51.4,1014.9,1013.2,17.4,22.9
11,2011,Western Australia,13.2,24.8,1.4,45,54.1,48.9,1015.5,1013.5,20.2,22.8
11,2012,Australian Capital Territory,9.8,25.4,1.15,39.8,66.7,37.7,1016.5,1013.6,15.9,23.6
11,2012,New South Wales,15.7,26.5,2.2,42.8,62.2,49,1016.6,1014,20.4,24.6
11,2012,Northern Territory,22.8,35.3,2.01,42.1,48.1,37.2,1011.8,1007.9,29.4,33.5
11,2012,Queensland,20.6,29.4,1.68,37.6,60.8,57.2,1015.7,1012.7,26.3,27.3
11,2012,South Australia,13.2,27.9,0.48,45.8,47.1,26.9,1016.1,1013.9,19.4,26.4
11,2012,Tasmania,9.9,21,1.4,39.5,67,52.4,1015,1013.4,15,18.8
11,2012,Victoria,11.6,24.5,1.03,42.1,66.3,45.1,1016.4,1014.7,17.2,22.8
11,2012,Western Australia,12.1,24.6,2.39,43.7,57.7,50.4,1014.1,1012.3,19.7,22.3
11,2013,Australian Capital Territory,7,23.7,3.19,43.5,60.5,36.8,1014.4,1011.8,14.9,21.9
11,2013,New South Wales,14.4,26.1,4.9,45.7,57.6,45.9,1014.4,1011.9,19.9,24.1
11,2013,Northern Territory,21.6,35.4,4.41,47.6,47.4,36.1,1010.6,1006.3,28.2,33.6
11,2013,Queensland,20.6,29.1,4.22,38.5,62.6,62.5,1013.3,1010.1,26.2,27.1
11,2013,South Australia,11.4,25,0.48,43.3,49.7,32.8,1017.1,1015.1,17.4,23.3
11,2013,Tasmania,9.4,18.2,3.75,41.6,69,58.8,1016,1014.6,13.3,16.6
11,2013,Victoria,10.4,22.5,2.77,43.3,67.5,50.4,1016.3,1014.7,15.6,20.7
11,2013,Western Australia,14,27.4,0.72,45.8,54.2,45.1,1014.3,1012,21.1,25.1
11,2014,Australian Capital Territory,10.4,27.6,1.02,42.2,58.2,31.1,1016.2,1013,17.2,25.9
11,2014,New South Wales,16.3,28.3,1.08,44.4,56.4,41.6,1016.1,1013.3,21.3,26.4
11,2014,Northern Territory,22.6,36.5,2.34,42.8,45.2,32.3,1012.8,1008.5,29.2,35
11,2014,Queensland,21.6,30.1,1.71,36.9,60.3,57.2,1016.2,1013,27.1,27.9
11,2014,South Australia,12.6,27.5,0.76,43.2,46.6,29.2,1016.8,1014.7,19.2,25.8
11,2014,Tasmania,10.3,19.4,1.16,50.4,53.5,48,1012.1,1011.1,14.1,17.2
11,2014,Victoria,11.1,25.4,1.47,44,61.9,40.6,1016.9,1014.8,17,23.5
11,2014,Western Australia,12.3,24.6,1.17,40.9,58.3,51.5,1016.2,1014.3,19.6,22.2
11,2015,Australian Capital Territory,11.2,25,2.91,41.2,67.2,43.2,1015,1012.2,17,23.4
11,2015,New South Wales,16.5,27.9,3.24,43.1,64.7,49.7,1014.8,1012.1,21.6,26.1
11,2015,Northern Territory,22.1,36.6,1.23,43.7,35.1,25.4,1012.7,1008.5,29.6,35
11,2015,Queensland,21.9,29.9,2.18,37.2,64.5,63.4,1014.8,1011.5,27,27.8
11,2015,South Australia,13.1,27.1,0.63,42.3,52.9,34.7,1015.9,1013.8,19.2,25
11,2015,Tasmania,10.8,20.5,1.35,50.2,56.7,44.9,1011.9,1010,14.9,18.6
11,2015,Victoria,11.6,25,1.38,43.7,66.3,45.3,1015.6,1013.4,17.1,23.1
11,2015,Western Australia,13.9,26.9,0.59,41.7,56.9,47.7,1016.3,1014.3,21.2,24.6
11,2016,Australian Capital Territory,8.8,25.1,1.79,44.6,62.6,36.2,1013.2,1010.5,16.2,23.8
11,2016,New South Wales,14.7,26.7,1.37,43.1,58.8,45.9,1013.6,1011.1,20.5,24.9
11,2016,Northern Territory,20.2,34.9,2.41,44,39.6,29.5,1012,1008,27.8,33.1
11,2016,Queensland,21,30.5,0.55,36.3,57.4,57,1014,1010.8,27.4,28.1
11,2016,South Australia,10.9,25,0.62,42,57,39.7,1015.4,1013.5,17.3,23.3
11,2016,Tasmania,10.1,18.6,2.17,51.6,59,50.8,1008.7,1007.5,13.8,17
11,2016,Victoria,10.5,23,1.46,43,69,49.2,1013.9,1012.2,15.7,21.1
11,2016,Western Australia,11.6,25.9,0.49,40.3,50.9,45.8,1016.8,1014.6,20.4,23.6
12,2007,Australian Capital Territory,13.3,25.1,3.26,40.6,69.8,49.3,1015.1,1012.7,17.8,23.2
12,2008,Australian Capital Territory,12.1,25.1,3.64,46.4,59.3,38.7,1009,1006.6,17.4,23.2
12,2008,New South Wales,15.3,25.7,2.6,46.8,63,52.7,1009.6,1007.5,19.9,23.5
12,2008,Northern Territory,23.1,33.4,6.33,41.5,58.3,50.4,1008.7,1005.5,28.4,31.4
12,2008,Queensland,22.8,31.1,4.54,37.7,64.3,62.2,1011,1008,28,29.1
12,2008,South Australia,13,22.9,2.56,41.1,61.9,46.4,1011.5,1010,17.2,21.6
12,2008,Tasmania,9.9,20.5,1.51,48,61.2,50.3,1007,1005.3,14.6,18.6
12,2008,Victoria,11,23.2,2.35,46.2,63.6,42.1,1010,1008.4,15.7,21.4
12,2008,Western Australia,15.1,26.8,0.41,39.9,60.4,43.4,1012.9,1011.2,19.8,25.4
12,2009,Australian Capital Territory,12.6,29.2,3.39,41.2,59.6,30.1,1015.6,1012.1,19,27.8
12,2009,New South Wales,17.7,29.1,2.28,45.5,61.1,47.5,1015.7,1013.2,22.7,27.2
12,2009,Northern Territory,22.8,34.2,7.8,44,51.5,41.5,1010.8,1007.4,28.6,32.8
12,2009,Queensland,22.8,30.8,5.11,37.1,64.2,61.6,1014.5,1011.7,27.7,28.6
12,2009,South Australia,14.4,28.8,0.64,43.3,49.5,31.1,1016.6,1014.6,20.8,27.1
12,2009,Tasmania,11.4,22.4,1.32,47,61,47.6,1013,1011.2,16.2,20.8
12,2009,Victoria,13.2,26.4,1.34,43.7,62.7,44.3,1016.1,1014.2,18.8,24.4
12,2009,Western Australia,14.2,28.7,0.04,42.7,47.3,39.5,1016.7,1014.5,22.2,26.5
12,2010,Australian Capital Territory,12,24.8,7.4,43,72.8,47.8,1011.7,1009.2,17.2,23.1
12,2010,New South Wales,17.1,26.8,4.11,43.9,69.2,55.2,1011.9,1009.6,21.2,25.2
12,2010,Northern Territory,21.1,32.5,7.71,40.9,58,47.6,1007.1,1003.8,27.4,31.2
12,2010,Queensland,22.6,29.3,13.75,37.5,74.4,74,1010.1,1007.6,26.8,27.2
12,2010,South Australia,14.2,26.6,2.87,45.5,57.6,38.2,1011.4,1009.5,19.2,24.6
12,2010,Tasmania,11,20.8,1.96,44,62,54.7,1009.6,1007.7,15.4,18.9
12,2010,Victoria,13,24.7,2.89,45.1,69.4,51.3,1011.3,1009.6,17.9,22.7
12,2010,Western Australia,15.2,27.5,0.79,47.1,54.2,43.9,1012.1,1009.9,21.3,25.6
12,2011,Australian Capital Territory,11.2,24,3.36,36.3,68.9,47.9,1014.1,1011.4,16.1,22.1
12,2011,New South Wales,15.9,25.1,2.99,39.9,67.4,55,1014.5,1012.4,19.9,23.5
12,2011,Northern Territory,22.4,34.8,3.86,42.3,49.5,42.1,1007.5,1004.1,29.4,32.8
12,2011,Queensland,21.7,29.5,4.21,39.6,66.4,64.2,1010.5,1008.1,26.6,27.4
12,2011,South Australia,14.6,28,0.88,43,51.9,32.6,1014.5,1012.2,20,26.2
12,2011,Tasmania,11.6,21.9,1.27,38.3,64.3,51.6,1016,1014.2,16.2,20.2
12,2011,Victoria,12.9,24.5,2.08,40.9,66.1,48.2,1015.3,1013.5,17.9,23
12,2011,Western Australia,16.1,28.6,1.77,43.8,54.2,45.3,1012.2,1009.8,22.9,26.6
12,2013,Australian Capital Territory,11.7,28.4,0.66,46.4,58.2,30.1,1013.3,1010,18.4,26.9
12,2013,New South Wales,17.4,29,1.34,44.1,56.6,42.3,1014.4,1011.7,22.6,27.2
12,2013,Northern Territory,22.6,35.4,3.7,41.6,54.1,43.6,1010.5,1007,28.8,33.7
12,2013,Queensland,21.4,30.3,0.86,37.8,59.4,56,1013.8,1011,27.1,28.2
12,2013,South Australia,14,28.5,0.68,44,48.6,31.4,1014.5,1013,20.4,26.4
12,2013,Tasmania,11.2,21.9,1.07,44.5,65,52.3,1010.8,1009,15.6,19.9
12,2013,Victoria,12.6,26.3,1.09,44,63.9,43.4,1014.2,1012.5,18.3,24.3
12,2013,Western Australia,14.4,28.7,0.21,42.2,50.8,40.8,1015,1012.7,22.3,26.4
12,2014,Australian Capital Territory,13.2,27.5,3.13,44,67.1,41.1,1011.5,1008.8,18.4,25.1
12,2014,New South Wales,18.1,29,2.65,47.3,62.7,47.5,1011.8,1009.2,22.5,26.9
12,2014,Northern Territory,23.9,36.6,4.06,43.8,55.3,39.4,1009.4,1005.4,29.4,34.8
12,2014,Queensland,22.9,31,3.78,35.8,65.1,61.5,1011.8,1008.9,27.8,29.1
12,2014,South Australia,13.7,27.5,0.48,43.9,55.4,36,1012.5,1010.9,19.6,25.4
12,2014,Tasmania,12.1,20.3,2.52,44.3,65.1,55.5,1010.5,1008.9,15.8,18.4
12,2014,Victoria,13.3,26.1,1.92,45,66.6,46.5,1011.9,1010.2,18.7,24
12,2014,Western Australia,13.6,26.3,0.18,42.7,53.3,45.7,1015.8,1013.8,20.7,24.2
12,2015,Australian Capital Territory,11.7,29.1,1.08,41.8,53.3,27.8,1017,1013.9,19.2,27.1
12,2015,New South Wales,17.6,28.9,2.32,43.4,60.5,46.6,1016.9,1014.5,22.5,26.9
12,2015,Northern Territory,23.1,34.9,6.38,48.2,51.6,40.9,1010.2,1006.8,28.3,32.9
12,2015,Queensland,22.2,30.1,4.12,38.6,64.6,61,1014.9,1012.2,27.2,28.2
12,2015,South Australia,16.2,32.2,0.29,45.2,39.7,24.9,1015,1013,23.8,30.2
12,2015,Tasmania,12.4,22.6,0.67,48.7,56.5,48.9,1014.6,1013.2,17,19.8
12,2015,Victoria,13.9,29.3,1.27,44.4,56.2,35.1,1016.2,1014.3,20.5,27.2
12,2015,Western Australia,14.5,27.8,0.74,43.3,50.7,44,1015,1013,22.1,25.4
12,2016,Australian Capital Territory,13.9,28.4,2.81,41.6,64.3,37.8,1012.8,1009.9,19.8,27
12,2016,New South Wales,18.4,29.8,1.47,45.5,63.2,49.4,1013.4,1011,23.3,27.5
12,2016,Northern Territory,22.8,34.1,7.93,45,58,44.1,1009,1005.5,27.9,32.5
12,2016,Queensland,22.2,30.9,2.56,36.5,63.8,61,1013.8,1011,27.9,28.8
12,2016,South Australia,13.7,28.4,1.44,44.6,57.1,37.3,1013.2,1011.2,19.9,26.4
12,2016,Tasmania,12.2,22,1.83,51.4,58.5,46.9,1009.1,1007.5,16.1,20
12,2016,Victoria,13.7,27.1,1.43,42.9,63.7,42.8,1012.3,1010.7,18.8,25.1
12,2016,Western Australia,13.6,27,0.72,43.7,52.5,44.4,1013.5,1011.3,20.9,24.7
